Word,Probability
tài_trợ_vốn,0.000939723452812458
kỹ_thuật_số,0.0006712310377231843
tổng_cộng,0.0005369848301785474
dẫn_dắt,0.000939723452812458
hạn_mức,0.000939723452812458
trị_giá,0.0012082158679017317
một_vài,0.0005369848301785474
sắp,0.0013424620754463685
sáng_lập,0.0008054772452678212
kiêm,0.0008054772452678212
củng_cố,0.0008054772452678212
tư_cách,0.0006712310377231843
siêu,0.0006712310377231843
khắp,0.000939723452812458
phân_bổ,0.0004027386226339106
cựu,0.0006712310377231843
chọn,0.0008054772452678212
trọng_yếu,0.0006712310377231843
đầy,0.0008054772452678212
hoá,0.0005369848301785474
ngày_một,0.0006712310377231843
lớn_mạnh,0.0008054772452678212
mong_muốn,0.0012082158679017317
bản_địa_hóa,0.0004027386226339106
giờ,0.001879446905624916
kịp_thời,0.0012082158679017317
khác_biệt,0.0013424620754463685
cửa_hàng,0.0016109544905356424
one,0.0004027386226339106
stop,0.0004027386226339106
shop,0.0004027386226339106
trí_tuệ,0.002013693113169553
nhân_tạo,0.0006712310377231843
tài_trợ,0.0006712310377231843
nhắn_tin,0.0004027386226339106
ví,0.0006712310377231843
vô_vàn,0.0004027386226339106
trụ_sở_tại,0.0008054772452678212
dự_định,0.0005369848301785474
hiện_diện,0.0008054772452678212
nơi,0.0012082158679017317
sinh_viên,0.0006712310377231843
giải_quyết,0.0005369848301785474
điển_hình,0.0005369848301785474
thiếu_hụt,0.0004027386226339106
nhãn_hiệu,0.0004027386226339106
nhãn,0.0004027386226339106
bán_buôn,0.0004027386226339106
rót,0.0004027386226339106
đánh_dấu,0.000939723452812458
mối,0.0008054772452678212
quan_hệ,0.0004027386226339106
hợp_tác_chiến_lược,0.000939723452812458
đại_lý,0.0006712310377231843
toàn_quốc,0.0014767082829910056
thỏa_thuận,0.0012082158679017317
hỗ_trợ_giúp,0.0004027386226339106
phổ_biến,0.0008054772452678212
gian_hàng,0.0004027386226339106
dễ_dàng,0.0010739696603570949
hóa,0.0016109544905356424
theo_dõi,0.000939723452812458
hộ,0.0006712310377231843
chứng_tỏ,0.0008054772452678212
ấn_tượng,0.002013693113169553
tham_vọng,0.0004027386226339106
start,0.0004027386226339106
up,0.0004027386226339106
quà,0.0005369848301785474
tặng,0.0006712310377231843
hành_trình,0.0014767082829910056
trưởng_thành,0.000939723452812458
công_cuộc,0.0006712310377231843
đấu_tranh,0.0008054772452678212
góp,0.0006712310377231843
sức,0.001879446905624916
sự_nghiệp,0.0021479393207141898
hội_nhập,0.0013424620754463685
bản_lĩnh,0.0010739696603570949
ngừng,0.000939723452812458
trui_rèn,0.0004027386226339106
ngày_càng_tỏa,0.0004027386226339106
vững_chắc,0.0014767082829910056
thành_tích,0.0021479393207141898
vinh_dự,0.0017452006980802793
tặng_thưởng,0.0006712310377231843
danh_hiệu,0.0012082158679017317
cao_quý,0.0006712310377231843
ghi,0.0006712310377231843
son,0.0004027386226339106
chủ_lực,0.0013424620754463685
chủ_đạo,0.0006712310377231843
vững_vàng,0.0005369848301785474
gương_mẫu,0.0004027386226339106
nghiêm_túc_chấp_hành,0.0004027386226339106
khắc_phục,0.000939723452812458
bao_cấp,0.0004027386226339106
bứt_phá,0.0006712310377231843
thành_tựu,0.0010739696603570949
hết_sức,0.0008054772452678212
trực_thuộc,0.0006712310377231843
trao_tặng,0.0008054772452678212
phần_thưởng,0.0004027386226339106
trình,0.0008054772452678212
bền_bỉ,0.0004027386226339106
cống_hiến,0.0006712310377231843
suốt,0.0012082158679017317
to_lớn,0.0005369848301785474
kết_tinh,0.0012082158679017317
tinh_thần,0.0013424620754463685
sáng_tạo,0.0014767082829910056
ý_chí,0.0004027386226339106
quyết_tâm,0.0010739696603570949
lớp,0.0008054772452678212
thấm_đẫm,0.0006712310377231843
tư_duy,0.0004027386226339106
bản_sắc,0.000939723452812458
vô_giá,0.0004027386226339106
vững,0.0016109544905356424
đón_nhận,0.0008054772452678212
thời_cơ,0.0006712310377231843
kỷ_nguyên,0.0004027386226339106
cách_mạng,0.000939723452812458
tươi_sáng,0.0004027386226339106
quý_báu,0.0004027386226339106
hôm_nay,0.000939723452812458
thi_đua,0.0004027386226339106
phấn_đấu,0.0014767082829910056
tâm_huyết,0.0006712310377231843
dấu,0.000939723452812458
khắc_ghi,0.0004027386226339106
rực_rỡ,0.0004027386226339106
thăng_hoa,0.0004027386226339106
ấy,0.0004027386226339106
thế_kỷ,0.0004027386226339106
dựng,0.0004027386226339106
xây,0.0004027386226339106
công_sức,0.0004027386226339106
bao,0.0008054772452678212
chứa,0.0008054772452678212
tình_yêu,0.0004027386226339106
vạn,0.0004027386226339106
con_người,0.0008054772452678212
chinh_phục,0.0013424620754463685
đỉnh_cao,0.0008054772452678212
tư_tưởng,0.0004027386226339106
tình_cảm,0.0004027386226339106
đạo_đức,0.0004027386226339106
phẩm_chất,0.0004027386226339106
tài_năng,0.0004027386226339106
tiến_trình,0.0005369848301785474
tạo_dựng,0.0006712310377231843
chữ,0.0004027386226339106
tin_cậy,0.0005369848301785474
sử,0.0006712310377231843
hào_hùng,0.0004027386226339106
dân_tộc,0.0005369848301785474
sứ_mệnh,0.0006712310377231843
chi_viện,0.0004027386226339106
chủ_nghĩa,0.000939723452812458
cổ_phần_hóa,0.0004027386226339106
tiền_lệ,0.000939723452812458
nhà_nước_lớn,0.0004027386226339106
ra_công_chúng,0.0004027386226339106
chuyên_doanh,0.0004027386226339106
đối_ngoại,0.0006712310377231843
chuyển_mình,0.0005369848301785474
đa_năng,0.0004027386226339106
mạng_lưới,0.000939723452812458
chuyển_dịch,0.001879446905624916
đa,0.0008054772452678212
cột,0.0006712310377231843
bước_ngoặt,0.0004027386226339106
ký_kết,0.0006712310377231843
tạp_chí,0.0005369848301785474
tổ_chức_danh_tiếng,0.0004027386226339106
bình_chọn,0.0006712310377231843
tín_nhiệm,0.0013424620754463685
làm_nên,0.0004027386226339106
chuẩn_mực,0.000939723452812458
chuyên_nghiệp,0.0006712310377231843
trình_bày,0.0004027386226339106
tuân_thủ,0.0004027386226339106
thông_lệ,0.0005369848301785474
tiệm,0.0005369848301785474
cận,0.0005369848301785474
công_nhận,0.0010739696603570949
tài_chính_quốc_tế,0.0004027386226339106
kháng_chiến,0.0004027386226339106
vận_dụng,0.0004027386226339106
linh_hoạt,0.0010739696603570949
nghiệp_vụ,0.0005369848301785474
ngoại_tệ,0.0006712310377231843
điều_chuyển,0.0005369848301785474
viện_trợ,0.0004027386226339106
chiến_trường,0.0004027386226339106
tái_cơ_cấu,0.0005369848301785474
quyết_liệt,0.0008054772452678212
tổng_thể,0.0010739696603570949
sáng_kiến,0.0004027386226339106
nhận_thức,0.0008054772452678212
mô,0.0004027386226339106
thức,0.0004027386226339106
cam_go,0.0004027386226339106
đòi_hỏi,0.0005369848301785474
tìm_tòi,0.0004027386226339106
học_hỏi,0.0004027386226339106
tồn_tại,0.0004027386226339106
cốt_lõi,0.0010739696603570949
đồng_chí,0.0008054772452678212
trồng,0.000939723452812458
cây,0.0004027386226339106
phát_động,0.0006712310377231843
cây_xanh,0.0004027386226339106
xanh,0.0008054772452678212
phương_châm,0.0004027386226339106
hài,0.0004027386226339106
hòa,0.0006712310377231843
kèm,0.0004027386226339106
nền_móng,0.0004027386226339106
nhảy_vọt,0.0004027386226339106
mười,0.0004027386226339106
dấu_ấn,0.0006712310377231843
ngoạn_mục,0.0004027386226339106
thiết_lập,0.0006712310377231843
tiến,0.001879446905624916
xếp,0.0008054772452678212
thành_quả,0.000939723452812458
tự_hào,0.000939723452812458
phong_tặng,0.0004027386226339106
đức,0.0004027386226339106
gần_gũi,0.0004027386226339106
thông_cảm,0.0004027386226339106
sẻ,0.000939723452812458
chia,0.0010739696603570949
ý_thức,0.0004027386226339106
sâu_sắc,0.0006712310377231843
thiết_thực,0.0005369848301785474
an_sinh,0.0012082158679017317
thịnh_vượng,0.0004027386226339106
đồng_bộ,0.0014767082829910056
xem,0.0006712310377231843
chăm_lo,0.0004027386226339106
đời_sống,0.0004027386226339106
hình_thành,0.0006712310377231843
thăng_trầm,0.0004027386226339106
nhân_tố,0.0005369848301785474
gắn_kết,0.0006712310377231843
nhân_văn,0.0005369848301785474
vẻ_vang,0.0006712310377231843
ngày_nay,0.0004027386226339106
sếu,0.0004027386226339106
đầu_đàn,0.0004027386226339106
đường_dẫn_dắt,0.0004027386226339106
thành_phần,0.0004027386226339106
chúc_mừng,0.0004027386226339106
nhân_dịp,0.0006712310377231843
hiện_thực_hóa,0.0006712310377231843
mục_tiêu_đề,0.0004027386226339106
tập_trung_thực_hiện,0.0004027386226339106
đột_phá,0.0008054772452678212
nhân_lực,0.000939723452812458
hoàn_thiện,0.0010739696603570949
sức_mạnh,0.0017452006980802793
trọng_tâm,0.0016109544905356424
thực_thi,0.0008054772452678212
ngành_nghề,0.0006712310377231843
miễn_giảm,0.0004027386226339106
tiện_ích,0.0010739696603570949
chuyển_giao,0.0006712310377231843
bắt_buộc,0.0004027386226339106
bao_giờ,0.0008054772452678212
trăm,0.0010739696603570949
coi_trọng,0.0004027386226339106
bồi_dưỡng,0.0004027386226339106
đội_ngũ,0.0013424620754463685
vững_mạnh,0.0004027386226339106
cơ_đồ,0.0004027386226339106
tích_lũy,0.0004027386226339106
tay,0.0004027386226339106
vận_hội,0.0004027386226339106
mơ_ước,0.0004027386226339106
biết_bao,0.0004027386226339106
tăng_tốc,0.0005369848301785474
khát_vọng,0.0013424620754463685
đoàn_kết,0.0004027386226339106
đồng_tâm,0.0004027386226339106
hiệp_lực,0.0004027386226339106
tập_thể,0.0004027386226339106
tiếp,0.0006712310377231843
trang,0.0012082158679017317
trở_xuống,0.0004027386226339106
cố_định,0.0006712310377231843
ngắn_hạn,0.0012082158679017317
lưu_động,0.0004027386226339106
lương,0.0004027386226339106
thông_thường,0.0008054772452678212
bây_giờ,0.0004027386226339106
tư_vấn,0.0010739696603570949
đặc_quyền,0.000939723452812458
vượt_trội,0.0013424620754463685
nhanh_chóng,0.0010739696603570949
công_cụ,0.0005369848301785474
ưu_việt,0.0005369848301785474
vô_cùng,0.0006712310377231843
hấp_dẫn,0.0016109544905356424
tận_hưởng,0.000939723452812458
hình_tượng,0.0004027386226339106
hạc,0.0004027386226339106
giấy,0.0006712310377231843
sang_trọng,0.0004027386226339106
biểu_tượng,0.0004027386226339106
may_mắn,0.0006712310377231843
trường_tồn,0.0004027386226339106
hứa_hẹn,0.0006712310377231843
tích_hợp,0.0010739696603570949
hoàn,0.0006712310377231843
nhà_hàng,0.0004027386226339106
siêu_thị,0.0005369848301785474
chi_tiêu,0.001879446905624916
phong_phú,0.0005369848301785474
phòng,0.0004027386226339106
chờ,0.0005369848301785474
sân,0.0004027386226339106
golf,0.0004027386226339106
ẩm_thực,0.0005369848301785474
chấp_nhận,0.0004027386226339106
xứng,0.0006712310377231843
đẳng_cấp,0.0004027386226339106
tấm,0.0008054772452678212
tai_nạn,0.0004027386226339106
bồi_thường,0.0004027386226339106
sự_cố,0.0006712310377231843
hàng_loạt,0.000939723452812458
thường_xuyên,0.0006712310377231843
thường_niên,0.0012082158679017317
phụ,0.0004027386226339106
hạng,0.0016109544905356424
bạch_kim,0.0004027386226339106
ghi_nợ,0.0005369848301785474
xác_nhận,0.0004027386226339106
thay_thế,0.0004027386226339106
tiên_tiến,0.0012082158679017317
đơn_giản,0.0004027386226339106
bảo_mật,0.0010739696603570949
contactless,0.0004027386226339106
tokenization,0.0004027386226339106
chuẩn,0.0008054772452678212
khuyến_mại,0.0004027386226339106
đối_diện,0.0004027386226339106
biến_chủng,0.0004027386226339106
nguy_hiểm,0.0005369848301785474
thế,0.0008054772452678212
đề,0.0014767082829910056
chặt_chẽ,0.0012082158679017317
tỉ_lệ,0.0013424620754463685
trích_lập,0.0012082158679017317
đô_la,0.0006712310377231843
thị_phần,0.0006712310377231843
cổ_tức,0.0006712310377231843
khép,0.0005369848301785474
cam_kết,0.0006712310377231843
ủng_hộ,0.0010739696603570949
phòng_chống,0.0008054772452678212
dịch_bệnh,0.0006712310377231843
loạt,0.0008054772452678212
tri,0.0005369848301785474
ân,0.0005369848301785474
lực_lượng,0.0004027386226339106
tuyến,0.0006712310377231843
dịch,0.000939723452812458
y,0.0004027386226339106
bác_sĩ,0.0004027386226339106
tối_thiểu,0.0010739696603570949
chi_trả,0.0004027386226339106
hiện_hành,0.0005369848301785474
phi_tín_dụng,0.0004027386226339106
giữ_chân,0.0004027386226339106
tổ_hợp,0.0008054772452678212
tổng_diện_tích,0.0008054772452678212
ha,0.0004027386226339106
chăn_nuôi,0.0008054772452678212
bò,0.0013424620754463685
thịt,0.0013424620754463685
con,0.0008054772452678212
mát,0.0006712310377231843
công_suất,0.0005369848301785474
xấp_xỉ,0.0008054772452678212
cụm,0.0008054772452678212
trang_trại,0.0013424620754463685
biên_bản,0.0005369848301785474
ghi_nhớ,0.0004027386226339106
kí_kết,0.0004027386226339106
bản,0.0005369848301785474
chứng_kiến,0.000939723452812458
xúc_tiến,0.0005369848301785474
lễ,0.0004027386226339106
khởi_công,0.0002684924150892737
ủy,0.0002684924150892737
chính_quyền,0.0010739696603570949
nhất_là,0.0006712310377231843
lan_toả,0.0004027386226339106
rộng,0.000939723452812458
năng_động,0.0005369848301785474
sức_bật,0.0002684924150892737
sâu,0.0005369848301785474
tuần_hoàn,0.0002684924150892737
thân_thiện,0.0002684924150892737
sự_kiện,0.0010739696603570949
tịch,0.0002684924150892737
trọng_điểm,0.0005369848301785474
ít_nhất,0.0004027386226339106
địa,0.000939723452812458
tin_tưởng,0.0008054772452678212
kinh_nghiệm,0.0002684924150892737
am_hiểu,0.0002684924150892737
bổ_trợ,0.0004027386226339106
khép_kín,0.0004027386226339106
nổi_bật,0.0014767082829910056
tươi,0.0004027386226339106
ngon,0.0005369848301785474
bổ_dưỡng,0.0002684924150892737
bắt_đầu_từ,0.0002684924150892737
tự_nhiên,0.0006712310377231843
đàn,0.0002684924150892737
nuôi,0.0002684924150892737
chế_độ,0.0005369848301785474
chăm_sóc,0.0002684924150892737
sẵn,0.0005369848301785474
nói_riêng,0.0008054772452678212
để_dành,0.0005369848301785474
phương_thức,0.000939723452812458
đo_lường,0.0005369848301785474
tổng_hợp,0.0006712310377231843
uống,0.0014767082829910056
một_cách,0.000939723452812458
minh_bạch,0.0004027386226339106
công_bằng,0.0004027386226339106
khách_quan,0.0004027386226339106
lập,0.0010739696603570949
kỉ_lục,0.0005369848301785474
gia_tăng_giá_trị,0.0006712310377231843
nhấn,0.0004027386226339106
bước_tiến,0.0005369848301785474
đô,0.0005369848301785474
vị,0.0006712310377231843
góp_mặt,0.0008054772452678212
nhì,0.0004027386226339106
ý_nghĩa,0.0005369848301785474
chắc_chắn,0.0005369848301785474
đúng_đắn,0.0005369848301785474
kiên_định,0.0004027386226339106
theo_đuổi,0.0005369848301785474
xuất_hiện,0.0010739696603570949
nội_tại,0.0004027386226339106
sức_bền,0.0004027386226339106
nhiễu,0.0005369848301785474
động,0.0005369848301785474
cải_tiến,0.0014767082829910056
ngành_hàng,0.0010739696603570949
tương_xứng,0.0004027386226339106
xa,0.000939723452812458
nhìn_nhận,0.0004027386226339106
khích_lệ,0.0004027386226339106
tự,0.0012082158679017317
chặng,0.0005369848301785474
thế_kỉ,0.0004027386226339106
khá,0.0010739696603570949
non_trẻ,0.0004027386226339106
đem,0.000939723452812458
thú_vị,0.0004027386226339106
điểm_danh,0.0004027386226339106
chân,0.0004027386226339106
thập_kỉ,0.0004027386226339106
vinh_danh,0.0016109544905356424
lọt,0.0005369848301785474
tiêu_biểu,0.0008054772452678212
cầu,0.0004027386226339106
có_mặt,0.0008054772452678212
bắt_tay,0.0004027386226339106
liên_doanh,0.0006712310377231843
kiềm_chế,0.0004027386226339106
địa_chính_trị,0.0004027386226339106
phức_tạp,0.0006712310377231843
bốn,0.0006712310377231843
hồi,0.0012082158679017317
một_chút,0.0005369848301785474
bớt,0.0008054772452678212
nhiên_liệu,0.0006712310377231843
cắt_giảm,0.0004027386226339106
giá_cả,0.0004027386226339106
hành_chính,0.0006712310377231843
tương_đối,0.0006712310377231843
cuối_cùng,0.0005369848301785474
tỉ_giá,0.0004027386226339106
hối_đoái,0.0004027386226339106
tổng_hòa,0.0004027386226339106
khía_cạnh,0.0004027386226339106
nên_người,0.0004027386226339106
rơi,0.0004027386226339106
hoàn_cảnh,0.0004027386226339106
khắt_khe,0.0005369848301785474
triển_vọng,0.0013424620754463685
sữa_tươi,0.0008054772452678212
kép,0.0005369848301785474
lít,0.0004027386226339106
bột,0.000939723452812458
sức_khoẻ,0.0004027386226339106
dần,0.0008054772452678212
hạ_nhiệt,0.0005369848301785474
thành_thị,0.0006712310377231843
nông_thôn,0.000939723452812458
gầy,0.0006712310377231843
tăng_giá,0.0005369848301785474
đảo,0.0004027386226339106
quá_khứ,0.0004027386226339106
chúng_ta,0.0010739696603570949
xu_hướng,0.000939723452812458
ứng,0.0004027386226339106
đỉnh,0.0012082158679017317
lao,0.0004027386226339106
dốc,0.0004027386226339106
trùng,0.0004027386226339106
khớp,0.0004027386226339106
quanh,0.0004027386226339106
chu_kỳ,0.0004027386226339106
giảm_giá,0.0005369848301785474
tổng_doanh_thu,0.0004027386226339106
kỷ_lục,0.0006712310377231843
cách_ly,0.0002684924150892737
đứt_gãy,0.0002684924150892737
lợi_thế,0.0010739696603570949
trở_lại,0.0006712310377231843
tái,0.0002684924150892737
định_vị,0.0004027386226339106
tái_cấu_trúc,0.0004027386226339106
tối_đa_hóa,0.0002684924150892737
phân_phối,0.0006712310377231843
cân_bằng,0.0002684924150892737
lành_mạnh_hóa,0.0004027386226339106
phủ,0.0002684924150892737
bài_bản,0.0002684924150892737
bám,0.0004027386226339106
sát,0.0005369848301785474
dịch_chuyển,0.0004027386226339106
hiện_đại,0.0010739696603570949
lẻ,0.0002684924150892737
nhận_diện,0.0005369848301785474
tiện_lợi,0.0004027386226339106
mua_sắm,0.0002684924150892737
sôi_nổi,0.0002684924150892737
sữa_chua,0.0004027386226339106
ăn,0.0002684924150892737
phô_mai,0.0002684924150892737
mơ,0.0005369848301785474
đóng,0.0005369848301785474
thu_thập,0.0010739696603570949
phát,0.0008054772452678212
kiến,0.0002684924150892737
chữ_số,0.0002684924150892737
ăn_uống,0.0004027386226339106
trường_học,0.0004027386226339106
hoàn_toàn,0.0008054772452678212
chi_nhánh,0.0005369848301785474
công_ty_con,0.0004027386226339106
lũy,0.0006712310377231843
bất_ổn,0.0002684924150892737
nhịp,0.0002684924150892737
ngoại,0.0002684924150892737
ròng,0.0006712310377231843
tối_ưu_hóa,0.000939723452812458
số_dư,0.000939723452812458
tồn_kho,0.0005369848301785474
rút,0.0004027386226339106
ngắn,0.0006712310377231843
quay,0.0006712310377231843
thuần_chủng,0.0002684924150892737
gia_tăng_sản_lượng,0.0002684924150892737
trao,0.000939723452812458
thực_hành,0.0002684924150892737
tái_tạo,0.0013424620754463685
nguyên,0.0005369848301785474
lâu_dài,0.0006712310377231843
sóng,0.0002684924150892737
hình_ảnh,0.0012082158679017317
qui_mô,0.0002684924150892737
thăng_hạng,0.0002684924150892737
mới_đây,0.0004027386226339106
hương_vị,0.0004027386226339106
kiểu,0.0004027386226339106
dạng,0.0008054772452678212
chủng_loại,0.0005369848301785474
ăn_liền,0.0005369848301785474
gà,0.0002684924150892737
sườn,0.0002684924150892737
heo,0.0002684924150892737
tỏi,0.0002684924150892737
phi_sa,0.0002684924150892737
tế,0.0002684924150892737
hành,0.0002684924150892737
tím,0.0002684924150892737
canh,0.0002684924150892737
tôm,0.0002684924150892737
chua_cay,0.0002684924150892737
thân_thuộc,0.0002684924150892737
đối_tượng,0.0008054772452678212
ly,0.0002684924150892737
bận_rộn,0.0002684924150892737
cuộc_sống,0.0002684924150892737
hằng,0.0005369848301785474
học_sinh,0.0002684924150892737
văn_phòng,0.0008054772452678212
khoa_học,0.0008054772452678212
tung,0.0002684924150892737
tô,0.0002684924150892737
đặc_trưng,0.0002684924150892737
gia_vị,0.0002684924150892737
mè,0.0002684924150892737
thơm_lừng,0.0002684924150892737
thật,0.0004027386226339106
rong,0.0002684924150892737
hạt,0.0002684924150892737
bắp,0.0002684924150892737
xơ,0.0002684924150892737
dinh_dưỡng,0.0004027386226339106
cảm_giác,0.0002684924150892737
cải_tiến_công_ty,0.0002684924150892737
hài_lòng,0.0002684924150892737
công_nhân_viên,0.0002684924150892737
sản,0.0002684924150892737
phẩn,0.0002684924150892737
thương_trường,0.0002684924150892737
đậm,0.0002684924150892737
lạ,0.0002684924150892737
đặc_tính,0.0002684924150892737
kiểm_định,0.0002684924150892737
vệ_sinh,0.0002684924150892737
sụt_giảm,0.0005369848301785474
mỳ,0.0002684924150892737
thống_kê,0.0005369848301785474
vị_trí_thức,0.0002684924150892737
ít,0.0004027386226339106
cầu_tiêu_thụ,0.0002684924150892737
đôi,0.0008054772452678212
lãi_gộp,0.0008054772452678212
tinh,0.0008054772452678212
khởi_sắc,0.0008054772452678212
tỷ_giá,0.000939723452812458
thuế_đạt,0.000939723452812458
công_ty_mẹ,0.0008054772452678212
đồng_vốn,0.0005369848301785474
kiểm_toán,0.0005369848301785474
giống,0.0002684924150892737
giá_vốn,0.0002684924150892737
chủ_chốt,0.0004027386226339106
hiện_đại_hóa,0.0005369848301785474
quân_sự,0.0005369848301785474
dân_sự,0.0005369848301785474
thế_mạnh,0.0002684924150892737
vũ_khí,0.0002684924150892737
trang_bị,0.0006712310377231843
quân_đội,0.0002684924150892737
tác_chiến,0.0002684924150892737
không_gian,0.0006712310377231843
mô_phỏng,0.0002684924150892737
huấn_luyện,0.0002684924150892737
đào_tạo,0.0012082158679017317
làm_chủ,0.0004027386226339106
trạm,0.0012082158679017317
vô_tuyến,0.0002684924150892737
truyền_dẫn,0.0004027386226339106
lõi,0.0005369848301785474
diện,0.0002684924150892737
router,0.0002684924150892737
đắc_lực,0.0002684924150892737
chế_tạo,0.000939723452812458
pháp_nhân,0.0004027386226339106
sáng_chế,0.0004027386226339106
hữu_ích,0.0002684924150892737
kiểu_dáng,0.0002684924150892737
quốc_phòng,0.0013424620754463685
lưỡng_dụng,0.0002684924150892737
tiềm_lực,0.0004027386226339106
tự_lực,0.0002684924150892737
tự_cường,0.0002684924150892737
tiếp_theo,0.0006712310377231843
cụ_thể_hóa,0.0002684924150892737
tinh_gọn,0.0002684924150892737
tiền_đề,0.0005369848301785474
nhân_dân,0.0006712310377231843
chính_quy,0.0002684924150892737
tinh_nhuệ,0.0002684924150892737
công_nghiệp_hóa,0.0002684924150892737
độc_lập,0.0002684924150892737
tự_chủ,0.0002684924150892737
sâu_rộng,0.0002684924150892737
thực_chất,0.0002684924150892737
mũi_nhọn,0.0002684924150892737
tức,0.0004027386226339106
cứ,0.0002684924150892737
dương,0.0004027386226339106
tổng_các,0.0002684924150892737
thuế_phí,0.0002684924150892737
phần_lớn,0.0004027386226339106
hoạt_động_sản_xuất,0.0006712310377231843
diễn_biến,0.0005369848301785474
di_động,0.0006712310377231843
trung_bình,0.0013424620754463685
thuê_bao,0.0002684924150892737
đoạt,0.0005369848301785474
truyền_hình,0.0002684924150892737
giáo_dục,0.0004027386226339106
logistics,0.0012082158679017317
thích_thú,0.0002684924150892737
đa_nhiệm,0.0004027386226339106
khí_tài,0.0004027386226339106
hạt_nhân,0.0002684924150892737
làm_chủ_công_nghệ,0.0004027386226339106
tiêu_chí,0.0005369848301785474
khủng_hoảng,0.0004027386226339106
giảm_thiểu,0.0008054772452678212
lúc,0.000939723452812458
mạnh_tay,0.0002684924150892737
liên_bang,0.0002684924150892737
trở_thành_tài_sản,0.0002684924150892737
trú_ẩn,0.0002684924150892737
bất_chấp,0.0005369848301785474
dự_trữ,0.0006712310377231843
thích_ứng,0.0005369848301785474
biến,0.0002684924150892737
nguy,0.0002684924150892737
cơ,0.0002684924150892737
mục,0.0002684924150892737
cáp,0.0002684924150892737
ngầm,0.0002684924150892737
tòa,0.0002684924150892737
đòn_bẩy,0.0005369848301785474
hot,0.0002684924150892737
suy_giảm,0.0002684924150892737
nhàn_rỗi,0.0004027386226339106
dao_động,0.0002684924150892737
kết_quả_báo_cáo,0.0002684924150892737
thuế_ước,0.0002684924150892737
đà,0.000939723452812458
ngưỡng,0.0004027386226339106
tinh_vi,0.0002684924150892737
lường,0.0002684924150892737
từ_chối,0.0004027386226339106
thiệt_hại,0.0004027386226339106
đồng_nghĩa,0.0002684924150892737
lỗ_hổng,0.0002684924150892737
càng,0.0006712310377231843
nghẽn,0.0005369848301785474
uplink,0.0002684924150892737
đắt_đỏ,0.0002684924150892737
xa_lạ,0.0002684924150892737
điển_hình_như,0.0002684924150892737
đồng_loạt,0.0002684924150892737
hứng_chịu,0.0002684924150892737
không_thể,0.0008054772452678212
truy_cập,0.0006712310377231843
website,0.0006712310377231843
tê_liệt,0.0002684924150892737
đe_dọa,0.0004027386226339106
tin_tặc,0.0002684924150892737
phạm_vi,0.0004027386226339106
nhắm,0.0004027386226339106
chủ_đích,0.0002684924150892737
cảnh_báo,0.0013424620754463685
thông_suốt,0.0004027386226339106
tiếp_nhận,0.0004027386226339106
phát_hiện,0.0013424620754463685
chặn,0.0008054772452678212
lọc,0.0008054772452678212
tiến_hành,0.0005369848301785474
chính_xác,0.0005369848301785474
bất_thường,0.0004027386226339106
xảy,0.000939723452812458
đắt,0.0002684924150892737
ngăn_chặn,0.0008054772452678212
băng_thông,0.0006712310377231843
cực,0.0002684924150892737
vài,0.0006712310377231843
ưu_điểm,0.0002684924150892737
thực_tiễn,0.0002684924150892737
tri_thức,0.0002684924150892737
nâng_cấp,0.0008054772452678212
portal,0.0002684924150892737
luồng,0.0002684924150892737
lưu_lượng,0.0004027386226339106
độc_hại,0.0004027386226339106
protocol,0.0002684924150892737
attack,0.0004027386226339106
kể_cả,0.0002684924150892737
multi,0.0002684924150892737
vector,0.0002684924150892737
phút,0.0002684924150892737
lập_tức,0.0004027386226339106
tấn_công_bằng,0.0002684924150892737
traffic,0.0002684924150892737
sạch,0.0005369848301785474
tấn_công_diễn,0.0002684924150892737
tự_động,0.0004027386226339106
danh_tiếng,0.0002684924150892737
súng,0.0002684924150892737
vọt,0.0005369848301785474
rưỡi,0.0002684924150892737
dự_toán,0.0002684924150892737
túy,0.0002684924150892737
telco,0.0002684924150892737
techco,0.0002684924150892737
bậc,0.0005369848301785474
kiến_tạo,0.0002684924150892737
bạn,0.0010739696603570949
trẻ,0.0013424620754463685
bản_thân,0.0008054772452678212
thử_thách,0.0002684924150892737
nhân_sự,0.0004027386226339106
chức_vụ,0.0002684924150892737
như_vậy,0.0005369848301785474
đám,0.0016109544905356424
mây,0.0016109544905356424
chủ_nhiệm,0.0002684924150892737
điện_toán,0.0012082158679017317
đề_cử,0.0002684924150892737
rời,0.0004027386226339106
trở,0.0005369848301785474
giấc,0.0002684924150892737
diễn_đàn,0.0004027386226339106
kỹ,0.0002684924150892737
câu_chuyện,0.0004027386226339106
trường,0.0004027386226339106
thời,0.0002684924150892737
sơ_khai,0.0002684924150892737
diễn,0.000939723452812458
chàng,0.0002684924150892737
trai_trẻ,0.0002684924150892737
suy_nghĩ,0.0002684924150892737
tôi,0.0006712310377231843
đấy,0.0002684924150892737
lớn_lao,0.0004027386226339106
bố_mẹ,0.0002684924150892737
anh_em,0.0002684924150892737
trần_tình,0.0002684924150892737
xứ,0.0002684924150892737
tham_dự,0.0004027386226339106
hội_nghị,0.0006712310377231843
tôn_vinh,0.0002684924150892737
để_ý,0.0002684924150892737
bản_đồ,0.000939723452812458
ánh_sáng,0.0002684924150892737
nghĩ,0.0004027386226339106
chuyện,0.0004027386226339106
bạn_bè,0.0002684924150892737
ngôi,0.0002684924150892737
đầu_quân,0.0002684924150892737
đề_xuất,0.0004027386226339106
hỏi,0.0004027386226339106
thẳng,0.0004027386226339106
ban,0.0004027386226339106
phụ_trách,0.0004027386226339106
cơ_điện,0.0002684924150892737
vậy,0.0004027386226339106
thắp,0.0002684924150892737
tuổi,0.0010739696603570949
yếu,0.0004027386226339106
đích,0.0002684924150892737
đùa,0.0002684924150892737
làm_sao,0.0002684924150892737
đơn_thuần,0.0002684924150892737
quyền_lợi,0.0002684924150892737
thôi,0.0002684924150892737
tuyển_dụng,0.0002684924150892737
học,0.0002684924150892737
hạng_mục,0.000939723452812458
băn_khoăn,0.0002684924150892737
liệu,0.0002684924150892737
trả_lời,0.0002684924150892737
mãi_mãi,0.0002684924150892737
nghỉ_ngơi,0.0002684924150892737
vinh_quang,0.0002684924150892737
ngủ,0.0002684924150892737
quên,0.0002684924150892737
chiếc,0.0006712310377231843
bóng,0.0005369848301785474
ngọn,0.0002684924150892737
núi,0.0004027386226339106
thôi_thúc,0.0002684924150892737
thanh_niên,0.0002684924150892737
hăng_say,0.0002684924150892737
thức_tỉnh,0.0002684924150892737
đam_mê,0.0002684924150892737
khát_khao,0.0002684924150892737
khám_phá,0.0002684924150892737
ai,0.0002684924150892737
nhút_nhát,0.0002684924150892737
sợ_hãi,0.0002684924150892737
thích,0.0008054772452678212
an_phận,0.0002684924150892737
ưa,0.0002684924150892737
hưởng_thụ,0.0002684924150892737
kiên_cường,0.0002684924150892737
chắp_cánh,0.0002684924150892737
ước_mơ,0.0004027386226339106
hiện_thực,0.0002684924150892737
liên,0.000939723452812458
thuế_quý,0.0002684924150892737
nhuận,0.0002684924150892737
thập_kỷ,0.0004027386226339106
ban_đầu,0.0005369848301785474
con_số,0.0006712310377231843
dừng,0.0005369848301785474
kim_ngạch,0.000939723452812458
tổng_kim_ngạch,0.0004027386226339106
cán,0.0002684924150892737
smartphone,0.001879446905624916
máy_tính,0.0004027386226339106
đeo,0.0004027386226339106
smartwatch,0.0002684924150892737
giờ_đây,0.0002684924150892737
kéo,0.0004027386226339106
sân_chơi,0.0004027386226339106
khánh_thành,0.0004027386226339106
đô_thị,0.000939723452812458
chuyên_môn,0.0002684924150892737
tăng_cường_lực_lượng,0.0002684924150892737
chứ,0.0005369848301785474
đại_trà,0.0002684924150892737
bộ_phận,0.0002684924150892737
bán_dẫn,0.0004027386226339106
phần_cứng,0.0006712310377231843
phần_mềm,0.0006712310377231843
dần_dần,0.0002684924150892737
cứ_điểm,0.0002684924150892737
mắt_xích,0.0002684924150892737
lắp_ráp,0.0004027386226339106
laptop,0.0002684924150892737
điện_thoại_di_động,0.0002684924150892737
chíp,0.0002684924150892737
mắt,0.0002684924150892737
thiên,0.0002684924150892737
chất_xám,0.0002684924150892737
cán_cân,0.0002684924150892737
xuất_siêu,0.0002684924150892737
kéo_theo,0.0002684924150892737
vệ_tinh,0.0002684924150892737
bộ_mặt,0.0002684924150892737
phụ_trợ,0.0002684924150892737
mong_chờ,0.0004027386226339106
giới_thiệu,0.0005369848301785474
giới,0.0004027386226339106
chờ_đợi,0.0002684924150892737
màn_hình,0.001879446905624916
gập,0.0008054772452678212
đồng_hồ,0.0002684924150892737
tai_nghe,0.0014767082829910056
true,0.0004027386226339106
wireless,0.0004027386226339106
series,0.0002684924150892737
có_lẽ,0.0004027386226339106
thể,0.0004027386226339106
dung_lượng,0.0004027386226339106
pin,0.0013424620754463685
sạc,0.002282185528258827
thực_sự,0.0005369848301785474
cần_thiết,0.0005369848301785474
di_chuyển,0.0005369848301785474
chơi,0.0004027386226339106
flagship,0.0008054772452678212
thiếu_sót,0.0004027386226339106
kích_thước,0.0005369848301785474
x,0.0008054772452678212
mm,0.0004027386226339106
tần_số,0.0002684924150892737
quét,0.0004027386226339106
viền,0.0002684924150892737
mỏng,0.0002684924150892737
người_yêu,0.0002684924150892737
máy,0.0005369848301785474
giao_diện,0.0002684924150892737
mode,0.0002684924150892737
độc_quyền,0.0002684924150892737
taskbar,0.0002684924150892737
app,0.0002684924150892737
bản_lề,0.0002684924150892737
hư,0.0002684924150892737
trục_trặc,0.0002684924150892737
lỗi,0.0002684924150892737
đối_thủ,0.0002684924150892737
bỏ_qua,0.0002684924150892737
trông_chờ,0.0002684924150892737
cây_bút,0.0002684924150892737
nhược_điểm,0.0002684924150892737
vết,0.0002684924150892737
hằn,0.0002684924150892737
chỗ,0.0002684924150892737
cái,0.0002684924150892737
thông_số,0.0004027386226339106
nhỏ_bé,0.0002684924150892737
quan_điểm,0.0004027386226339106
ẩn,0.0002684924150892737
nó,0.0002684924150892737
hệ_quả,0.0002684924150892737
chụp,0.0006712310377231843
selfie,0.0002684924150892737
quang_học,0.0002684924150892737
che,0.0002684924150892737
kính,0.0004027386226339106
không_thể_nào,0.0002684924150892737
dường_như,0.0004027386226339106
ý_đồ,0.0002684924150892737
nghiêng,0.0002684924150892737
dễ_chịu,0.0002684924150892737
phụ_nữ,0.0002684924150892737
đợi,0.0002684924150892737
đệm,0.0004027386226339106
phiên_bản,0.0006712310377231843
lượt,0.0008054772452678212
sơ_bộ,0.0002684924150892737
khả_quan,0.0004027386226339106
thừa_mứa,0.0002684924150892737
đón_đầu,0.0002684924150892737
suy_yếu,0.0004027386226339106
siết,0.0002684924150892737
chặt,0.0002684924150892737
hầu_bao,0.0002684924150892737
soon,0.0002684924150892737
mặt_hàng,0.0004027386226339106
máy_chủ,0.0005369848301785474
lưu_trữ,0.0002684924150892737
nỗi,0.0002684924150892737
lo,0.0002684924150892737
suy_thoái,0.0002684924150892737
chiến_tranh,0.0002684924150892737
phong_tỏa,0.0002684924150892737
nghiêm_ngặt,0.0004027386226339106
phòng_dịch,0.0002684924150892737
khổng_lồ,0.0005369848301785474
hợp_đồng,0.0004027386226339106
tương_tự,0.0004027386226339106
ít_nhiều,0.0002684924150892737
trung,0.0006712310377231843
nhận_xét,0.0004027386226339106
dược,0.0005369848301785474
liên_đoàn,0.0002684924150892737
công_đoàn,0.0002684924150892737
trợ_cấp,0.0010739696603570949
bang,0.0010739696603570949
việc_làm,0.0002684924150892737
câu,0.0002684924150892737
quận,0.0004027386226339106
đổi,0.0002684924150892737
truyền_thông,0.0008054772452678212
trụ_sở,0.0002684924150892737
g,0.0002684924150892737
iảm,0.0002684924150892737
công_khai,0.0004027386226339106
thất_thu,0.0002684924150892737
tương_quan,0.0002684924150892737
biên,0.0008054772452678212
lãi_ròng,0.0002684924150892737
thu_hẹp,0.0004027386226339106
chống_chọi,0.0002684924150892737
chống_đỡ,0.0002684924150892737
đa_dạng_hóa,0.0005369848301785474
đuổi,0.0002684924150892737
trích,0.0004027386226339106
thích_hợp,0.0002684924150892737
quản_lý_tài_sản,0.0002684924150892737
tổng_thu_nhập,0.0006712310377231843
cá_nhân_hóa,0.0002684924150892737
buổi,0.0005369848301785474
gặp_gỡ,0.0002684924150892737
tổng_tiền,0.0002684924150892737
hợp,0.0005369848301785474
thường_trực,0.0004027386226339106
khẩu_vị,0.0002684924150892737
thận_trọng,0.0002684924150892737
đề_cao,0.0002684924150892737
sinh_lợi,0.0002684924150892737
môt,0.0002684924150892737
cấu,0.0002684924150892737
thu_phục_vụ,0.0002684924150892737
nhu_cầu_toàn_diện,0.0002684924150892737
thương,0.0005369848301785474
tổng_dư_nợ,0.0004027386226339106
trái_phiếu,0.0012082158679017317
tổng_huy_động,0.0002684924150892737
giải_thích,0.0002684924150892737
dồi_dào,0.0004027386226339106
tâm_lý,0.0004027386226339106
tiêu_cực,0.0005369848301785474
giới_hạn,0.000939723452812458
hiệu_lực,0.0004027386226339106
trụ_cột,0.0005369848301785474
phần_trăm,0.0004027386226339106
tiết_giảm,0.0002684924150892737
ngân_hàng_đầu_tư,0.0006712310377231843
thuần_tính,0.0002684924150892737
nghìn_tỷ,0.0002684924150892737
thư_tín_dụng,0.0004027386226339106
sống,0.0006712310377231843
song_hành,0.0002684924150892737
xã_hội_hóa,0.0004027386226339106
thuận_tiện,0.0002684924150892737
khuyến_khích,0.0002684924150892737
săn,0.0005369848301785474
đại,0.0010739696603570949
khai,0.0002684924150892737
vui,0.0002684924150892737
đón,0.0005369848301785474
đại_lộc,0.0004027386226339106
tổng_trị_giá,0.0002684924150892737
xuân,0.0002684924150892737
hy_vọng,0.0002684924150892737
cảm_hứng,0.0002684924150892737
chủ_nhân,0.0002684924150892737
chính_phủ,0.0012082158679017317
trần,0.0004027386226339106
dựa,0.0005369848301785474
kỹ_lưỡng,0.0004027386226339106
sao,0.0002684924150892737
giao_dịch_chuyển_khoản,0.0002684924150892737
chi_tiết,0.0004027386226339106
hiện_hữu,0.0004027386226339106
thỏa_mãn,0.0002684924150892737
trúng,0.0002684924150892737
10000đ,0.0002684924150892737
500000đ,0.0002684924150892737
giải,0.0005369848301785474
bao_phủ,0.0005369848301785474
lành_mạnh,0.0002684924150892737
ba3,0.0004027386226339106
ba2,0.0006712310377231843
chủ_đề,0.0005369848301785474
bình_xét,0.0004027386226339106
doanh,0.0002684924150892737
nghiệt,0.0002684924150892737
bao_trùm,0.0002684924150892737
chú_trọng,0.000939723452812458
khôi_phục,0.0002684924150892737
hoành_hành,0.0002684924150892737
khơi,0.0002684924150892737
thông,0.0002684924150892737
đồng_lần_lượt,0.0002684924150892737
chìa,0.0002684924150892737
động_thái,0.0004027386226339106
hữu_hình,0.0004027386226339106
lợi_suất,0.0002684924150892737
ngoại_hối,0.0002684924150892737
chéo,0.0002684924150892737
ví_dụ,0.0002684924150892737
hồi_phục,0.0005369848301785474
vừa_mới,0.0002684924150892737
cổ_phần_lớn,0.0002684924150892737
danh_giá,0.0002684924150892737
yêu,0.0004027386226339106
hội_sở,0.0002684924150892737
khấu_hao,0.0002684924150892737
hoàn_nhập,0.0002684924150892737
riêng_lẻ,0.0002684924150892737
nhích,0.0002684924150892737
môi_giới,0.0002684924150892737
ký_quỹ,0.0002684924150892737
bùng_phát,0.0002684924150892737
gián_đoạn,0.0002684924150892737
lo_lắng,0.0002684924150892737
nhất_định,0.0002684924150892737
biên_giới,0.0004027386226339106
hoạt_động_kinh_tế,0.0002684924150892737
dỡ,0.0002684924150892737
lạc_quan,0.0002684924150892737
lỡ,0.0002684924150892737
hẹn,0.0002684924150892737
livestream,0.0005369848301785474
chốt,0.0004027386226339106
mẫu,0.0004027386226339106
gốc,0.0004027386226339106
thay_vì,0.0002684924150892737
nhập,0.0004027386226339106
cấu_hình,0.0004027386226339106
mềm,0.0002684924150892737
rộng_rãi,0.0002684924150892737
inch,0.0002684924150892737
phân_giải,0.0005369848301785474
pixel,0.0002684924150892737
chênh_lệch,0.0002684924150892737
bộ_nhớ,0.0005369848301785474
nhấr,0.0002684924150892737
màu,0.0004027386226339106
trắng,0.0002684924150892737
megapixel,0.0002684924150892737
đêm,0.0002684924150892737
cận_cảnh,0.0002684924150892737
trộm,0.0002684924150892737
diệt,0.0002684924150892737
vi,0.0002684924150892737
nhắn,0.0002684924150892737
rác,0.0002684924150892737
yên_tâm,0.0004027386226339106
công_nghệ_trí_tuệ,0.0002684924150892737
nhiếp_ảnh,0.0002684924150892737
ảnh,0.0002684924150892737
cử_chỉ,0.0004027386226339106
điều_khiển,0.0002684924150892737
ồn,0.0002684924150892737
nghe,0.0004027386226339106
xuyên,0.0002684924150892737
âm,0.0013424620754463685
cuộc_gọi,0.0002684924150892737
khao_khát,0.0004027386226339106
giá_như_vậy,0.0002684924150892737
linh_kiện,0.0002684924150892737
đau,0.0002684924150892737
tai,0.0004027386226339106
âm_thanh,0.0005369848301785474
loa,0.0004027386226339106
chục,0.0002684924150892737
làng,0.0002684924150892737
115tws,0.0002684924150892737
mẫu_mã,0.0002684924150892737
bất_kì,0.0002684924150892737
dễ,0.0002684924150892737
kiểm_chứng,0.0002684924150892737
dây,0.0002684924150892737
cập_nhật,0.000939723452812458
mới_mẻ,0.0002684924150892737
cho_hay,0.0002684924150892737
củ,0.0002684924150892737
dải,0.0002684924150892737
dải_tần_số,0.0002684924150892737
phân_biệt,0.0002684924150892737
lý_tưởng,0.0002684924150892737
nhạc,0.0002684924150892737
hộp,0.0002684924150892737
âm_thanh_cao_cấp,0.0002684924150892737
cảm_ứng,0.0002684924150892737
toàn_phần,0.0002684924150892737
ký,0.0006712310377231843
tích_hợp_thành_công_trí_tuệ,0.0002684924150892737
server,0.0004027386226339106
truyền,0.0004027386226339106
real,0.0002684924150892737
time,0.0002684924150892737
trễ,0.0002684924150892737
riêng_tư,0.0002684924150892737
khó_tính,0.0002684924150892737
bài,0.0005369848301785474
tương_thích,0.0002684924150892737
video,0.0004027386226339106
gia_nhập,0.0002684924150892737
bài_toán,0.0004027386226339106
trật_tự,0.0004027386226339106
cháy,0.0002684924150892737
rừng,0.0006712310377231843
ký_kết_hợp_tác,0.0002684924150892737
ra_chiều,0.0002684924150892737
lấn_sân,0.0004027386226339106
anten,0.0004027386226339106
phương_tiện,0.0004027386226339106
gia_dụng,0.0002684924150892737
đèn,0.0002684924150892737
quạt_điện_máy,0.0002684924150892737
bình,0.0002684924150892737
nóng,0.0002684924150892737
không_khí,0.0002684924150892737
xu_thế,0.0002684924150892737
chipset,0.0004027386226339106
phổ_thông,0.0002684924150892737
smarthome,0.0002684924150892737
hoàn_chỉnh,0.0002684924150892737
ngoại_vi,0.0002684924150892737
giải_trí,0.0002684924150892737
infortaiment,0.0002684924150892737
công_cộng,0.0002684924150892737
in,0.0013424620754463685
khuôn_khổ,0.0002684924150892737
xét,0.0002684924150892737
chọn_lọc,0.0002684924150892737
chấm,0.0002684924150892737
đo,0.0004027386226339106
công_tơ,0.0008054772452678212
kỹ_sư,0.0004027386226339106
pha,0.0004027386226339106
biểu,0.0004027386226339106
đo_đếm,0.0002684924150892737
điện_năng,0.0002684924150892737
quy,0.0002684924150892737
lắp_đặt,0.0004027386226339106
mặt_trời,0.0004027386226339106
song_song,0.0004027386226339106
vòi,0.0002684924150892737
module_hóa,0.0002684924150892737
cổng,0.0005369848301785474
trạng_thái,0.0002684924150892737
ngoại_nhập,0.0002684924150892737
ô_nhiễm,0.0002684924150892737
kích_cầu,0.0002684924150892737
dự,0.0004027386226339106
thi,0.0002684924150892737
chung_khảo,0.0002684924150892737
khối_lượng,0.0002684924150892737
số_hóa,0.0002684924150892737
sửa_chữa,0.0006712310377231843
bảo_dưỡng,0.0008054772452678212
dân_cư,0.0004027386226339106
công_quốc_gia,0.0002684924150892737
trọng,0.0002684924150892737
luân_chuyển,0.0002684924150892737
chữ_ký,0.0005369848301785474
trục,0.0002684924150892737
liên_thông,0.0004027386226339106
nhật_ký,0.0004027386226339106
nghiệm_thu,0.0002684924150892737
sổ,0.0002684924150892737
thi_công,0.0004027386226339106
đường_dây,0.0010739696603570949
truyền_tải,0.0005369848301785474
lưới_điện,0.0005369848301785474
cao_độ,0.0002684924150892737
quan,0.0002684924150892737
cấp_độ,0.0008054772452678212
mua_bán,0.0002684924150892737
công_nghệ_số,0.0002684924150892737
kiến_trúc,0.0004027386226339106
đông,0.0002684924150892737
khách,0.0010739696603570949
đối_mặt,0.0005369848301785474
khốc_liệt,0.0002684924150892737
bật,0.0002684924150892737
tác_động_kinh_tế,0.0002684924150892737
trở_nên,0.0002684924150892737
kém,0.0002684924150892737
lo_ngại,0.0004027386226339106
tiểu_bang,0.0002684924150892737
cấm,0.000939723452812458
phạt,0.0002684924150892737
quy_tắc,0.0002684924150892737
kiện,0.0002684924150892737
hủy_bỏ,0.0002684924150892737
lệnh,0.0004027386226339106
phủ_nhận,0.0002684924150892737
tờ,0.0002684924150892737
báo,0.0004027386226339106
trước_đây,0.0002684924150892737
đăng,0.0002684924150892737
người_lớn,0.0002684924150892737
báng_bổ,0.0002684924150892737
điều_tra,0.0002684924150892737
tuổi_trẻ,0.0002684924150892737
sơ_kết,0.0002684924150892737
địa_chỉ,0.0006712310377231843
botnet,0.0002684924150892737
điều_phối,0.0002684924150892737
trang_web,0.0002684924150892737
blog,0.0002684924150892737
vi_phạm_pháp_luật,0.0004027386226339106
lừa_đảo,0.0004027386226339106
pháp_lý,0.0004027386226339106
chuyên_trách,0.0002684924150892737
tham_mưu,0.0006712310377231843
đôn_đốc,0.0005369848301785474
quen,0.0002684924150892737
chữ_ký_số,0.0002684924150892737
tổng_sản_phẩm,0.0002684924150892737
nặng_nề,0.0002684924150892737
chồng,0.0002684924150892737
đình_trệ,0.0002684924150892737
đóng_cửa,0.0002684924150892737
mở_cửa,0.0002684924150892737
toàn_cục,0.0002684924150892737
oằn,0.0002684924150892737
đường_bộ,0.0004027386226339106
lữ_hành,0.0002684924150892737
đặc_điểm,0.0002684924150892737
đua,0.0002684924150892737
hồi_sinh,0.0002684924150892737
kỳ_cùng,0.0006712310377231843
nông_lâm_nghiệp,0.0002684924150892737
thủy_sản,0.0005369848301785474
xuất_phát_điểm,0.0004027386226339106
địa_bàn_tính,0.0002684924150892737
tổng_mức,0.0002684924150892737
sở,0.0005369848301785474
tính_năng_động,0.0002684924150892737
chững,0.0002684924150892737
trước_mắt,0.0002684924150892737
bị_động,0.0004027386226339106
tuy_nhiên,0.0002684924150892737
lưu_ý,0.0002684924150892737
hấp_thụ,0.0002684924150892737
gợi_ý,0.0002684924150892737
gỡ,0.0002684924150892737
xăng,0.0002684924150892737
dầu,0.0002684924150892737
nghị_quyết,0.0002684924150892737
thay,0.0002684924150892737
lý_giải,0.0002684924150892737
khai_khoáng,0.0002684924150892737
cung_cấp_nước,0.0002684924150892737
rác_thải,0.0002684924150892737
lương_thực,0.0002684924150892737
cơ_khí,0.0004027386226339106
giáp_hạt,0.0002684924150892737
kết_thúc,0.0004027386226339106
chuyển_tiếp,0.0002684924150892737
cửa_khẩu,0.0002684924150892737
chủ_quan,0.0002684924150892737
say_sưa,0.0002684924150892737
nhắn_nhủ,0.0002684924150892737
khẩn_trương,0.000939723452812458
rà_soát,0.0002684924150892737
phản_ứng,0.0002684924150892737
tránh,0.0002684924150892737
huyện,0.0002684924150892737
đăng_tải,0.0002684924150892737
mời,0.0002684924150892737
độc_giả,0.0002684924150892737
đọc,0.0002684924150892737
https,0.0002684924150892737
postenpphahavn,0.0002684924150892737
tiet,0.0002684924150892737
toa,0.0002684924150892737
soan,0.0002684924150892737
tap,0.0002684924150892737
kinh,0.0002684924150892737
te,0.0002684924150892737
viet,0.0002684924150892737
nam,0.0002684924150892737
tỉnh_thành_phố,0.0008054772452678212
công_nhân,0.0006712310377231843
cải_tạo,0.0006712310377231843
cũ,0.0006712310377231843
nguyên_tắc,0.0004027386226339106
hưởng,0.0002684924150892737
căn_hộ,0.0002684924150892737
đối,0.0002684924150892737
định_kỳ,0.0004027386226339106
công_văn,0.0002684924150892737
thanh_tra,0.0002684924150892737
ban_ngành,0.0002684924150892737
cất_cánh,0.0005369848301785474
mở_đầu,0.0002684924150892737
cao_điểm,0.0004027386226339106
hè,0.0004027386226339106
đi_lại,0.0004027386226339106
huỷ,0.0005369848301785474
tỷ_lệ_hủy,0.0002684924150892737
hủy,0.0004027386226339106
thời_tiết,0.0002684924150892737
tàu_bay,0.0004027386226339106
muộn,0.0004027386226339106
thần_kỳ,0.0002684924150892737
hành_khách,0.0005369848301785474
đường_bay,0.0005369848301785474
tải,0.0005369848301785474
tần_suất,0.0002684924150892737
khai_trương,0.0002684924150892737
lịch,0.0002684924150892737
máy_bay,0.0002684924150892737
tiếp_viên,0.0002684924150892737
tổ,0.0002684924150892737
lái,0.0002684924150892737
vật_lực,0.0002684924150892737
đội,0.0002684924150892737
tàu,0.0008054772452678212
mặt,0.0002684924150892737
nhà_máy_điện,0.0002684924150892737
tổng_công_suất,0.0002684924150892737
bàn_giao,0.0005369848301785474
căn,0.0002684924150892737
biệt_thự,0.0002684924150892737
đột_biến,0.0002684924150892737
khách_sạn,0.0002684924150892737
cân_đối,0.0002684924150892737
kế_toán,0.0002684924150892737
tổng_nợ,0.0002684924150892737
nét,0.0002684924150892737
rõ_rệt,0.0002684924150892737
ngày_trước,0.0002684924150892737
cp,0.0002684924150892737
tạm_thời,0.0002684924150892737
thị_giá,0.0002684924150892737
đồng_bằng,0.0008054772452678212
sông,0.0016109544905356424
lộ_trình,0.0004027386226339106
giải_pháp_quy_hoạch,0.0002684924150892737
đầu_mối,0.0013424620754463685
logistic,0.0008054772452678212
chức_năng,0.0006712310377231843
thu_gom,0.0002684924150892737
nông_sản,0.0004027386226339106
nước_ngọt,0.0004027386226339106
trái_cây,0.0002684924150892737
rau_màu,0.0002684924150892737
quy_hoạch_vùng,0.0002684924150892737
kết_cấu_hạ_tầng,0.0005369848301785474
thủy_lợi,0.0002684924150892737
thị_trấn,0.0002684924150892737
nông,0.0002684924150892737
tiểu_vùng,0.0004027386226339106
tập_trung_gắn,0.0002684924150892737
tích_tụ,0.0002684924150892737
đất_đai,0.0002684924150892737
truy_xuất,0.0004027386226339106
nguồn_gốc,0.0004027386226339106
cơ_giới,0.0002684924150892737
vật_tư,0.0002684924150892737
giao_thông_dịch_vụ,0.0002684924150892737
nông_lâm_thủy_sản,0.0006712310377231843
thí_điểm,0.0002684924150892737
biến_đổi,0.0005369848301785474
khí_hậu,0.0005369848301785474
blockchain,0.0002684924150892737
hậu,0.0002684924150892737
kiểm,0.0002684924150892737
kiểm_nghiệm,0.0002684924150892737
hành_lang,0.0005369848301785474
mật_độ,0.0002684924150892737
nghề,0.0002684924150892737
xã_hội_đồng_bộ,0.0002684924150892737
chuyên_ngành,0.0002684924150892737
thiết_yếu,0.0002684924150892737
nước_sạch,0.0002684924150892737
thô,0.0002684924150892737
thiên_tai,0.0002684924150892737
ven,0.0004027386226339106
ứng_phó,0.0002684924150892737
ngập_mặn,0.0002684924150892737
bờ,0.0004027386226339106
tầm_cỡ,0.0002684924150892737
bảo_tồn,0.0010739696603570949
vùng_đất,0.0002684924150892737
ngập,0.0002684924150892737
lũ,0.0002684924150892737
ngập_lụt,0.0002684924150892737
căn_cơ,0.0002684924150892737
sụt,0.0002684924150892737
lún,0.0002684924150892737
dâng,0.0002684924150892737
bảo_quản,0.0002684924150892737
tu_bổ,0.0002684924150892737
thắng_cảnh,0.0005369848301785474
diện_tích,0.0006712310377231843
thiên_nhiên,0.0004027386226339106
quần_thể,0.0004027386226339106
danh_thắng,0.0005369848301785474
di_sản,0.0006712310377231843
cụ_thể_hoá,0.0002684924150892737
hài_hòa,0.0002684924150892737
ranh_giới,0.0002684924150892737
khoanh,0.0002684924150892737
di_tích,0.0005369848301785474
bố_trí,0.0002684924150892737
tôn_tạo,0.0002684924150892737
cảnh_quan,0.0002684924150892737
quảng_bá,0.0008054772452678212
kỷ_niệm,0.0002684924150892737
đề_án,0.0002684924150892737
ấn_phẩm,0.0002684924150892737
kho,0.0006712310377231843
thuyết_minh,0.0002684924150892737
điện_lực,0.0008054772452678212
chủ_trì,0.0002684924150892737
bàn,0.0002684924150892737
mạch,0.0008054772452678212
truyền_tải_điện,0.0004027386226339106
chính_trị,0.0002684924150892737
cấp_bách,0.0004027386226339106
chính_trị_an_ninh,0.0002684924150892737
an_toàn_quốc_gia,0.0002684924150892737
hoàn_tất,0.0006712310377231843
giải_phóng,0.0004027386226339106
lúa,0.0002684924150892737
duyệt,0.0002684924150892737
tái_định_cư,0.0002684924150892737
biểu_đồ,0.0002684924150892737
phân_công,0.0002684924150892737
kiến_nghị,0.0002684924150892737
thuận,0.0002684924150892737
nối,0.0002684924150892737
tính_chất,0.0002684924150892737
514km,0.0002684924150892737
cung,0.0002684924150892737
đoạn,0.0002684924150892737
căng_thẳng,0.0002684924150892737
box1688985204819,0.0002684924150892737
background,0.0002684924150892737
color,0.0002684924150892737
cdf9e8,0.0002684924150892737
sắp_đặt,0.0002684924150892737
6200ha,0.0002684924150892737
2758ha,0.0002684924150892737
752ha,0.0002684924150892737
chấp_thuận,0.0002684924150892737
3466ha,0.0002684924150892737
hôm,0.0002684924150892737
địa_lý,0.0002684924150892737
hiện_đại_dịch_vụ,0.0002684924150892737
mực,0.0002684924150892737
sâu_kín,0.0002684924150892737
gió,0.0002684924150892737
vịnh,0.0002684924150892737
hàng_hải,0.0004027386226339106
đường_sắt,0.0002684924150892737
cầu_tàu,0.0002684924150892737
m,0.0002684924150892737
bến,0.0002684924150892737
trọng_tải,0.0002684924150892737
xếp_dỡ,0.0006712310377231843
cẩu,0.0002684924150892737
lai_dắt,0.0002684924150892737
kho_bãi,0.0004027386226339106
lưu,0.0006712310377231843
công_đoạn,0.0002684924150892737
bãi,0.0002684924150892737
ngược_lại,0.0002684924150892737
thoả_thuận,0.0002684924150892737
bốc_xếp,0.0002684924150892737
giao_nhận,0.0002684924150892737
hàng_hoá,0.0002684924150892737
lạnh,0.0002684924150892737
hànt_hóa,0.0002684924150892737
container,0.0002684924150892737
game,0.00013424620754463686
lưu_chuyển,0.00013424620754463686
chủ_quản,0.00013424620754463686
đáo_hạn,0.00013424620754463686
cáo,0.00013424620754463686
trò_chơi,0.00013424620754463686
biện_pháp_bảo_đảm,0.00013424620754463686
nạp,0.00013424620754463686
kịch_bản,0.00013424620754463686
bản_quyền,0.00013424620754463686
xin,0.00013424620754463686
tựa,0.00013424620754463686
mộng,0.00013424620754463686
ta,0.00013424620754463686
kiếm,0.00013424620754463686
hiệp,0.00013424620754463686
tu,0.00013424620754463686
tiên,0.00013424620754463686
hầu_hết,0.00013424620754463686
bảo_toàn,0.00013424620754463686
tài_nguyên,0.00013424620754463686
đại_hội,0.00013424620754463686
giàu,0.00013424620754463686
thương_vụ,0.00013424620754463686
cổ,0.00013424620754463686
thăm_dò,0.00013424620754463686
trợ_lý,0.00013424620754463686
ảo,0.00013424620754463686
thử,0.00013424620754463686
ngang_ngửa,0.00013424620754463686
mấy,0.00013424620754463686
nổi,0.00013424620754463686
hoạt_động_kinh_doanh_thu,0.00013424620754463686
hề,0.00013424620754463686
bù,0.00013424620754463686
kia,0.00013424620754463686
đồng_thời_giá,0.00013424620754463686
rẻ,0.00013424620754463686
khỏe,0.00013424620754463686
giám_đốc,0.00013424620754463686
giấu,0.00013424620754463686
thị_phần_lớn,0.00013424620754463686
bù_đắp,0.00013424620754463686
marketing,0.00013424620754463686
góc_độ,0.00013424620754463686
premium,0.00013424620754463686
đa_phần,0.00013424620754463686
phụ_thuộc,0.00013424620754463686
chẳng_hạn,0.00013424620754463686
vẻ,0.00013424620754463686
như_không,0.00013424620754463686
bình_luận,0.00013424620754463686
hiển_thị,0.00013424620754463686
tìm_kiếm,0.00013424620754463686
phản_hồi,0.00013424620754463686
hội_thoại,0.00013424620754463686
chat,0.00013424620754463686
danh_bạ,0.00013424620754463686
liên_hệ,0.00013424620754463686
ấn_định,0.00013424620754463686
tập,0.00013424620754463686
tính_toán,0.00013424620754463686
chuyên_sâu,0.00013424620754463686
bỏ_mạng,0.00013424620754463686
tỏ,0.00013424620754463686
bức_xúc,0.00013424620754463686
xứng_đáng,0.00013424620754463686
xóa_app,0.00013424620754463686
thời_đại,0.00013424620754463686
lâu,0.00013424620754463686
rồi,0.00013424620754463686
thụt_lùi,0.00013424620754463686
ngoại_trừ,0.00013424620754463686
ty,0.00013424620754463686
hạ,0.00013424620754463686
xuất_hiện_tại,0.00013424620754463686
lình_xình,0.00013424620754463686
vào_khoảng,0.00013424620754463686
thua_lỗ,0.00013424620754463686
tạm,0.00013424620754463686
giá_trị_số,0.00013424620754463686
startup,0.00013424620754463686
đắt_giá,0.00013424620754463686
giành_giật,0.00013424620754463686
tuyên_bố,0.00013424620754463686
bơm,0.00013424620754463686
điều_hành_kinh_doanh,0.00013424620754463686
từ_nhiệm,0.00013424620754463686
nguyện_vọng,0.00013424620754463686
bổ_nhiệm,0.00013424620754463686
trình_độ,0.00013424620754463686
quốc,0.00013424620754463686
cử_nhân,0.00013424620754463686
thuế_giảm,0.00013424620754463686
giải_trình,0.00013424620754463686
đầu_vào,0.00013424620754463686
vật_liệu,0.00013424620754463686
máy_móc,0.00013424620754463686
hội_đồng,0.00013424620754463686
and,0.00013424620754463686
mau,0.00013424620754463686
gian,0.00013424620754463686
báo_chí,0.00013424620754463686
quy_chế,0.00013424620754463686
thu_hồi,0.00013424620754463686
lô,0.00013424620754463686
miến,0.00013424620754463686
chứa_chất,0.00013424620754463686
77g,0.00013424620754463686
hạn,0.00013424620754463686
56g,0.00013424620754463686
hải_sản,0.00013424620754463686
120g,0.00013424620754463686
cấp_tính,0.00013424620754463686
họp_báo,0.00013424620754463686
lên_tiếng,0.00013424620754463686
vụ_việc,0.00013424620754463686
tác_dụng,0.00013424620754463686
tiệt,0.00013424620754463686
dụng_cụ,0.00013424620754463686
sức_khỏe_diệt,0.00013424620754463686
vi_sinh_vật,0.00013424620754463686
rau,0.00013424620754463686
sấy,0.00013424620754463686
tuyệt_đối,0.00013424620754463686
bất_kỳ,0.00013424620754463686
hữu_hiệu,0.00013424620754463686
nhấ,0.00013424620754463686
lằm,0.00013424620754463686
khuẩn,0.00013424620754463686
box1630414172024,0.00013424620754463686
98dd9d,0.00013424620754463686
buôn_bán,0.00013424620754463686
súp,0.00013424620754463686
trái,0.00013424620754463686
dấu_hiệu,0.00013424620754463686
thùng,0.00013424620754463686
rạch,0.00013424620754463686
dán,0.00013424620754463686
đóng_thùng,0.00013424620754463686
xác_minh,0.00013424620754463686
tiềm_ẩn,0.00013424620754463686
xé,0.00013424620754463686
vắt,0.00013424620754463686
tách,0.00013424620754463686
nhận_biết,0.00013424620754463686
hiện_tượng,0.00013424620754463686
giả_mạo_danh,0.00013424620754463686
khuyến_cáo,0.00013424620754463686
tìm_hiểu,0.00013424620754463686
review,0.00013424620754463686
hiểu_biết,0.00013424620754463686
xuất_xứ,0.00013424620754463686
rõ_ràng,0.00013424620754463686
tổn_hại,0.00013424620754463686
thuần_phong,0.00013424620754463686
mỹ_tục,0.00013424620754463686
nguy_hại,0.00013424620754463686
tính_mạng,0.00013424620754463686
thức_ăn,0.00013424620754463686
hoang_mang,0.00013424620754463686
dư_lượng,0.00013424620754463686
thuốc,0.00013424620754463686
thực_vật,0.00013424620754463686
tùy,0.00013424620754463686
truy_cứu,0.00013424620754463686
hình_sự,0.00013424620754463686
hậu_quả,0.00013424620754463686
sự_thật,0.00013424620754463686
sự_việc,0.00013424620754463686
box1630163815050,0.00013424620754463686
d1faf5,0.00013424620754463686
xử_phạt,0.00013424620754463686
thực_hiện_hành_vi,0.00013424620754463686
phát_thanh_truyền_hình,0.00013424620754463686
xuất_bản,0.00013424620754463686
nhắc_nhở,0.00013424620754463686
chấn_chỉnh,0.00013424620754463686
đình_chỉ,0.00013424620754463686
soát_xét,0.00013424620754463686
niên,0.00013424620754463686
thồng,0.00013424620754463686
bảo_hiểm_thất_nghiệp,0.00013424620754463686
thuỷ_lợi,0.00013424620754463686
tự_nguyện,0.00013424620754463686
thủy,0.00013424620754463686
tầng,0.00013424620754463686
phường,0.00013424620754463686
chây_ì,0.00013424620754463686
nợ_đọng,0.00013424620754463686
chính_đáng,0.00013424620754463686
trưởng,0.00013424620754463686
chủ_tịch,0.00013424620754463686
huyện_thị_xã,0.00013424620754463686
quán_triệt,0.00013424620754463686
kinh_phí,0.00013424620754463686
cử,0.00013424620754463686
chuyên,0.00013424620754463686
quản,0.00013424620754463686
chây,0.00013424620754463686
ỳ,0.00013424620754463686
xuất_phát,0.00013424620754463686
nghiêm,0.00013424620754463686
thụ_hưởng,0.00013424620754463686
tư,0.00013424620754463686
kiến_trúc_sư,0.00013424620754463686
nổi_tiếng,0.00013424620754463686
hubway,0.00013424620754463686
dọc,0.00013424620754463686
du_khách,0.00013424620754463686
coffee,0.00013424620754463686
massage,0.00013424620754463686
tắm,0.00013424620754463686
tráng,0.00013424620754463686
vui_chơi,0.00013424620754463686
quảng_trường,0.00013424620754463686
vườn,0.00013424620754463686
trò_chuyện,0.00013424620754463686
hoa,0.00013424620754463686
mùa,0.00013424620754463686
tạo_hình,0.00013424620754463686
điêu_khắc,0.00013424620754463686
trẻ_em,0.00013424620754463686
chấm_dứt,0.00013424620754463686
quyết_toán,0.00013424620754463686
bản_vẽ,0.00013424620754463686
hoàn_thành_phần,0.00013424620754463686
trăng,0.00013424620754463686
ngoài_trời,0.00013424620754463686
góc,0.00013424620754463686
phi,0.00013424620754463686
gộp_âm,0.00013424620754463686
nguyên_trạng,0.00013424620754463686
chức,0.00013424620754463686
chia_tay,0.00013424620754463686
hiểu,0.00013424620754463686
biến_cố,0.00013424620754463686
cương_vị,0.00013424620754463686
tốt_đẹp,0.00013424620754463686
thư,0.00013424620754463686
đảm_nhiệm,0.00013424620754463686
bầu,0.00013424620754463686
nghĩa_vụ,0.00013424620754463686
đại_chúng,0.00013424620754463686
b,0.00013424620754463686
đ,0.00013424620754463686
o,0.00013424620754463686
khởi_tố,0.00013424620754463686
tội_danh,0.00013424620754463686
chiếm_đoạt,0.00013424620754463686
bị_can,0.00013424620754463686
khống,0.00013424620754463686
cố_ý_định_giá,0.00013424620754463686
hợp_lệ,0.00013424620754463686
kết_luận,0.00013424620754463686
cơ_quan_chức_năng,0.00013424620754463686
cưỡng_chế,0.00013424620754463686
thi_hành_quyết_định,0.00013424620754463686
triệu_tập,0.00013424620754463686
miễn_nhiệm,0.00013424620754463686
vi_phạm_quy_định,0.00013424620754463686
c,0.00013424620754463686
hóa_đơn,0.00013424620754463686
yêu_cầu_phong_tỏa,0.00013424620754463686
quv,0.00013424620754463686
định,0.00013424620754463686
thuế_lỗ,0.00013424620754463686
nặng,0.00013424620754463686
đổ_xô,0.00013424620754463686
cảnh,0.00013424620754463686
lệch,0.00013424620754463686
woo,0.00013424620754463686
ghìm,0.00013424620754463686
yong,0.00013424620754463686
cháu,0.00013424620754463686
nội,0.00013424620754463686
nắm_bắt,0.00013424620754463686
kịp,0.00013424620754463686
dây_chuyền,0.00013424620754463686
thứ_tư,0.00013424620754463686
cố_gắng,0.00013424620754463686
thống_trị,0.00013424620754463686
kêu_gọi,0.00013424620754463686
ý_định,0.00013424620754463686
earnings,0.00013424620754463686
guidance,0.00013424620754463686
thỏa_luận,0.00013424620754463686
leo_thang,0.00013424620754463686
buộc,0.00013424620754463686
thắt,0.00013424620754463686
trung_ương,0.00013424620754463686
đòn,0.00013424620754463686
giáng,0.00013424620754463686
yeon,0.00013424620754463686
ảm_đạm,0.00013424620754463686
gánh,0.00013424620754463686
tồi_tệ,0.00013424620754463686
áp_lực,0.00013424620754463686
quan_chức,0.00013424620754463686
thảo_luận,0.00013424620754463686
thăm,0.00013424620754463686
đặc_xá,0.00013424620754463686
quyền_lực,0.00013424620754463686
ngồi_tù,0.00013424620754463686
tham_ô,0.00013424620754463686
hối_lộ,0.00013424620754463686
ngang,0.00013424620754463686
hầu_như,0.00013424620754463686
cơn_sốt,0.00013424620754463686
định_hình,0.00013424620754463686
sáp_nhập,0.00013424620754463686
án,0.00013424620754463686
cáo_buộc,0.00013424620754463686
gian_lận,0.00013424620754463686
địa_điểm,0.00013424620754463686
robot,0.00013424620754463686
nếu_như,0.00013424620754463686
thân_cận,0.00013424620754463686
quan_ngại,0.00013424620754463686
đầu_cơ,0.00013424620754463686
tụt,0.00013424620754463686
bắt_nguồn,0.00013424620754463686
từ_nhiệm_vụ,0.00013424620754463686
cay_đắng,0.00013424620754463686
thâu_tóm,0.00013424620754463686
vấp,0.00013424620754463686
đế_chế,0.00013424620754463686
do_dự,0.00013424620754463686
triển,0.00013424620754463686
màu_mỡ,0.00013424620754463686
trỗi,0.00013424620754463686
dậy,0.00013424620754463686
tương_tác,0.00013424620754463686
nhân_vật,0.00013424620754463686
kỳ_cựu,0.00013424620754463686
mạo_hiểm,0.00013424620754463686
cố_vấn,0.00013424620754463686
đại_gia,0.00013424620754463686
tiếng,0.00013424620754463686
bảo_thủ,0.00013424620754463686
hòa_nhập,0.00013424620754463686
mẹ,0.00013424620754463686
cách_thức,0.00013424620754463686
bức,0.00013424620754463686
tranh,0.00013424620754463686
nội_bộ,0.00013424620754463686
khuyến_nghị,0.00013424620754463686
phóng,0.00013424620754463686
bancasurrance,0.00013424620754463686
thưởng,0.00013424620754463686
quốc_doanh,0.00013424620754463686
seasalt123,0.00013424620754463686
báo_cáo_lỗi,0.00013424620754463686
đăng_nhập,0.00013424620754463686
sai_sót,0.00013424620754463686
lộ,0.00013424620754463686
thừa_nhận,0.00013424620754463686
vô_tình,0.00013424620754463686
email,0.00013424620754463686
đảm_bảo_an_ninh,0.00013424620754463686
chunxong,0.00013424620754463686
forum,0.00013424620754463686
rao,0.00013424620754463686
hacker,0.00013424620754463686
rò_rỉ,0.00013424620754463686
nghỉ_việc,0.00013424620754463686
phát_tán,0.00013424620754463686
bất_cứ,0.00013424620754463686
vui_lòng,0.00013424620754463686
chúng,0.00013424620754463686
tò_mò,0.00013424620754463686
co,0.00013424620754463686
có_giá,0.00013424620754463686
lợi_dụng,0.00013424620754463686
cài_đặt,0.00013424620754463686
forums,0.00013424620754463686
bất_ngờ,0.00013424620754463686
xâm_nhập,0.00013424620754463686
cắp,0.00013424620754463686
hét,0.00013424620754463686
báo_giá,0.00013424620754463686
đồng_tiền,0.00013424620754463686
module,0.00013424620754463686
phản_đối,0.00013424620754463686
tắt,0.00013424620754463686
mô_tả,0.00013424620754463686
khung_giá,0.00013424620754463686
khung,0.00013424620754463686
dầu_khí,0.00013424620754463686
u_ám,0.00013424620754463686
nhiệt_điện,0.00013424620754463686
giảm_phát,0.00013424620754463686
thực_trạng,0.00013424620754463686
pha_trộn,0.00013424620754463686
khả_dụng,0.00013424620754463686
nhà_máy_điện_ảnh_hưởng,0.00013424620754463686
khô,0.00013424620754463686
ưu_tiên_cung_cấp,0.00013424620754463686
phát_điện,0.00013424620754463686
gia_hạn,0.00013424620754463686
giấy_phép,0.00013424620754463686
khai_thác_than,0.00013424620754463686
khoáng_sản,0.00013424620754463686
tức_là,0.00013424620754463686
diezen,0.00013424620754463686
sắt,0.00013424620754463686
thép,0.00013424620754463686
phụ_tùng,0.00013424620754463686
bạn_hàng,0.00013424620754463686
đảm_bảo_an_toàn,0.00013424620754463686
lao_động_sản_xuất,0.00013424620754463686
phúc_lợi,0.00013424620754463686
mỏ,0.00013424620754463686
hầm_lò,0.00013424620754463686
hội_trường,0.00013424620754463686
kết_quả_thực_hiện,0.00013424620754463686
trông_đợi,0.00013424620754463686
cử_tri,0.00013424620754463686
tham_nhũng,0.00013424620754463686
bất_cập,0.00013424620754463686
cấp_thiết,0.00013424620754463686
căn_bệnh,0.00013424620754463686
né_tránh,0.00013424620754463686
sợ,0.00013424620754463686
lan,0.00013424620754463686
cản_trở_sự,0.00013424620754463686
đồng_tình,0.00013424620754463686
tại_sao,0.00013424620754463686
nguyên_phát,0.00013424620754463686
điều_trị,0.00013424620754463686
bệnh,0.00013424620754463686
phân_hóa,0.00013424620754463686
phân_định,0.00013424620754463686
như_thế,0.00013424620754463686
phát_biểu,0.00013424620754463686
đoàn,0.00013424620754463686
đùn_đẩy,0.00013424620754463686
sai,0.00013424620754463686
làm_vì,0.00013424620754463686
dám,0.00013424620754463686
một_số_ít,0.00013424620754463686
bản_chất,0.00013424620754463686
thế_nào,0.00013424620754463686
công_chức,0.00013424620754463686
viên_chức,0.00013424620754463686
đồng_nhất,0.00013424620754463686
chồng_chéo,0.00013424620754463686
mâu_thuẫn,0.00013424620754463686
trở_lực,0.00013424620754463686
tắc_nghẽn,0.00013424620754463686
lo_sợ,0.00013424620754463686
quy_phạm_pháp_luật,0.00013424620754463686
luật,0.00013424620754463686
lẽ,0.00013424620754463686
tranh_luận,0.00013424620754463686
công_sức_trí_tuệ,0.00013424620754463686
mong,0.00013424620754463686
trình_tự,0.00013424620754463686
bắt,0.00013424620754463686
dẫn_chứng,0.00013424620754463686
thể_chế,0.00013424620754463686
phân_cấp,0.00013424620754463686
phân_quyền,0.00013424620754463686
được_việc,0.00013424620754463686
cá_thể_hóa,0.00013424620754463686
đương_đầu,0.00013424620754463686
vững_tâm,0.00013424620754463686
gỗ,0.00013424620754463686
tròn,0.00013424620754463686
gỗ_xẻ,0.00013424620754463686
loài,0.00013424620754463686
lim,0.00013424620754463686
sồi,0.00013424620754463686
gõ,0.00013424620754463686
bạch_đàn_hương,0.00013424620754463686
dẻ,0.00013424620754463686
gai,0.00013424620754463686
vân,0.00013424620754463686
sam,0.00013424620754463686
thị,0.00013424620754463686
băng,0.00013424620754463686
gian_lao,0.00013424620754463686
tuy,0.00013424620754463686
áp,0.00013424620754463686
mới_đầu_tư,0.00013424620754463686
phúc_đáp,0.00013424620754463686
chứng,0.00013424620754463686
trả_chậm,0.00013424620754463686
sa_thải,0.00013424620754463686
nhân_công,0.00013424620754463686
giãn,0.00013424620754463686
ngư_dân,0.00013424620754463686
trữ,0.00013424620754463686
tọa,0.00013424620754463686
đàm,0.00013424620754463686
nhắc,0.00013424620754463686
xã_hội_hóa_hạ_tầng,0.00013424620754463686
bàn_thảo,0.00013424620754463686
nhà_ga,0.00013424620754463686
tiếc,0.00013424620754463686
hồ_hởi,0.00013424620754463686
giãi_bày,0.00013424620754463686
kêu,0.00013424620754463686
ngậm_ngùi,0.00013424620754463686
cơn,0.00013424620754463686
bão,0.00013424620754463686
rút_lui,0.00013424620754463686
thói_quen,0.00013424620754463686
tư_nhân,0.00013424620754463686
phân_kỳ,0.00013424620754463686
vướng,0.00013424620754463686
cầm_chắc,0.00013424620754463686
xã_hội_hoá,0.00013424620754463686
dân_dụng,0.00013424620754463686
sắp_xếp,0.00013424620754463686
cổ_phần_hoá,0.00013424620754463686
xử_lý_tài_sản,0.00013424620754463686
một_chiều,0.00013424620754463686
tư_nhân_hóa,0.00013424620754463686
láng_giềng,0.00013424620754463686
nhượng,0.00013424620754463686
khái_niệm,0.00013424620754463686
muôn_vàn,0.00013424620754463686
dân_sự_hóa,0.00013424620754463686
xong,0.00013424620754463686
đền_bù,0.00013424620754463686
bày_tỏ,0.00013424620754463686
đường_băng,0.00013424620754463686
lăn,0.00013424620754463686
công_năng,0.00013424620754463686
quen_thuộc,0.00013424620754463686
trống,0.00013424620754463686
cánh,0.00013424620754463686
bướm,0.00013424620754463686
búp_bê,0.00013424620754463686
mặt_nạ,0.00013424620754463686
nhựa,0.00013424620754463686
cá_heo,0.00013424620754463686
đồ_chơi,0.00013424620754463686
bạo_lực,0.00013424620754463686
hại,0.00013424620754463686
nhân_cách,0.00013424620754463686
hình_dáng,0.00013424620754463686
nén,0.00013424620754463686
hơi,0.00013424620754463686
lò,0.00013424620754463686
xo,0.00013424620754463686
bắn,0.00013424620754463686
đạn,0.00013424620754463686
hơi_nước,0.00013424620754463686
phát_quang,0.00013424620754463686
nổ,0.00013424620754463686
lựu_đạn,0.00013424620754463686
bom,0.00013424620754463686
mìn,0.00013424620754463686
bộc_phá,0.00013424620754463686
mác,0.00013424620754463686
lê,0.00013424620754463686
dao_găm,0.00013424620754463686
nỏ,0.00013424620754463686
làm_bằng,0.00013424620754463686
tre,0.00013424620754463686
pháo,0.00013424620754463686
pháo_hoa,0.00013424620754463686
đập,0.00013424620754463686
cháy_bỏng,0.00013424620754463686
phẩm,0.00013424620754463686
đĩa,0.00013424620754463686
đánh,0.00013424620754463686
giết,0.00013424620754463686
dã_man,0.00013424620754463686
xúc_phạm_nhân_phẩm,0.00013424620754463686
phá_hoại,0.00013424620754463686
thẩm_mỹ,0.00013424620754463686
vi_tính,0.00013424620754463686
kích_động,0.00013424620754463686
mại_dâm,0.00013424620754463686
đồ_dùng,0.00013424620754463686
quốc_kỳ,0.00013424620754463686
lãnh_tụ,0.00013424620754463686
chế_tài,0.00013424620754463686
quyđịnh,0.00013424620754463686
thuốc_nổ,0.00013424620754463686
hình_phạt,0.00013424620754463686
tịch_thu,0.00013424620754463686
tang_vật,0.00013424620754463686
bày,0.00013424620754463686
qltmdt,0.00013424620754463686
moitgovvn,0.00013424620754463686
box1687749033550,0.00013424620754463686
a8bdaa,0.00013424620754463686
khởi_động,0.00013424620754463686
miếng,0.00013424620754463686
tình_thế,0.00013424620754463686
bất_lợi,0.00013424620754463686
10h,0.00013424620754463686
trưa,0.00013424620754463686
oz,0.00013424620754463686
quy_đổi,0.00013424620754463686
hầu_như_không,0.00013424620754463686
niêm_yết_giá,0.00013424620754463686
trơn,0.00013424620754463686
hiệu,0.00013424620754463686
trung_tuần,0.00013424620754463686
tín_hiệu,0.00013424620754463686
kim_loại,0.00013424620754463686
trở_ngại,0.00013424620754463686
kháng_cự,0.00013424620754463686
chảy,0.00013424620754463686
khỏi,0.00013424620754463686
hoán_đổi,0.00013424620754463686
vừa_rồi,0.00013424620754463686
chạm,0.00013424620754463686
đáy,0.00013424620754463686
gia,0.00013424620754463686
thất_nghiệp,0.00013424620754463686
đổ,0.00013424620754463686
hỗ_trợ_giá,0.00013424620754463686
chắc,0.00013424620754463686
đinh,0.00013424620754463686
hiếm,0.00013424620754463686
trồng_trọt,0.00013424620754463686
hội_thảo,0.00013424620754463686
vạn_vật,0.00013424620754463686
canh_tác,0.00013424620754463686
biofloc,0.00013424620754463686
thẳng_thắn,0.00013424620754463686
quản_lý_dịch_bệnh,0.00013424620754463686
cây_trồng,0.00013424620754463686
tưới,0.00013424620754463686
nhỏ_giọt,0.00013424620754463686
phun,0.00013424620754463686
sương,0.00013424620754463686
màng,0.00013424620754463686
lưới,0.00013424620754463686
thu_hoạch,0.00013424620754463686
thủ_công,0.00013424620754463686
công_nghệ_lạc_hậu,0.00013424620754463686
năng_suất,0.00013424620754463686
hạn_hẹp,0.00013424620754463686
giết_mổ,0.00013424620754463686
bước_đầu,0.00013424620754463686
lợi,0.00013424620754463686
đề_tài,0.00013424620754463686
cấu_trúc,0.00013424620754463686
công_nghệ_cao_gắn,0.00013424620754463686
then_chốt,0.00013424620754463686
đầu_tàu,0.00013424620754463686
vì_vậy,0.00013424620754463686
tập_huấn,0.00013424620754463686
trình_diễn,0.00013424620754463686
bảo,0.00013424620754463686
lưu_thông,0.00013424620754463686
hợp_tác_xã,0.00013424620754463686
tổ_hợp_tác,0.00013424620754463686
chuyên_dụng,0.00013424620754463686
e34,0.00013424620754463686
ưa_chuộng,0.00013424620754463686
taxi,0.00013424620754463686
tuột_dốc,0.00013424620754463686
khấu_trừ,0.00013424620754463686
sắc,0.00013424620754463686
song,0.00013424620754463686
sức_mua,0.00013424620754463686
giảm_mạnh,0.00013424620754463686
lùi,0.00013424620754463686
lệ_phí,0.00013424620754463686
trước_bạ,0.00013424620754463686
sức_cầu,0.00013424620754463686
trông_mong,0.00013424620754463686
cú,0.00013424620754463686
huých,0.00013424620754463686
tiến_hành_tung,0.00013424620754463686
chiến_dịch,0.00013424620754463686
box1684136763704,0.00013424620754463686
cef2d1,0.00013424620754463686
box1684136919473,0.00013424620754463686
c5ecc8,0.00013424620754463686
box1684137050328,0.00013424620754463686
d6f0d8,0.00013424620754463686
box1684137090505,0.00013424620754463686
d4f7d7,0.00013424620754463686
khả_thi,0.00013424620754463686
mặc_dù,0.00013424620754463686
xem_lại,0.00013424620754463686
chỉnh_sửa,0.00013424620754463686
chất_vấn,0.00013424620754463686
chi_phối,0.00013424620754463686
thường_kỳ,0.00013424620754463686
tiết,0.00013424620754463686
bởi_vậy_việc,0.00013424620754463686
cầu_tiêu_dùng,0.00013424620754463686
công_văn_công_bố,0.00013424620754463686
đầu_ra,0.00013424620754463686
bảo_lãnh,0.00013424620754463686
lan_tỏa,0.00013424620754463686
dậm,0.00013424620754463686
lực,0.00013424620754463686
dứt_khoát,0.00013424620754463686
blue,0.00013424620754463686
chips,0.00013424620754463686
trượt_giá,0.00013424620754463686
kết,0.00013424620754463686
tham_chiếu,0.00013424620754463686
rổ,0.00013424620754463686
phiên_sáng,0.00013424620754463686
mã_giảm,0.00013424620754463686
thiện,0.00013424620754463686
áp_đảo,0.00013424620754463686
hạ_độ,0.00013424620754463686
trụ,0.00013424620754463686
chung_cuộc,0.00013424620754463686
xả,0.00013424620754463686
rêng,0.00013424620754463686
trượt,0.00013424620754463686
bình_thường,0.00013424620754463686
biên_độ,0.00013424620754463686
hẹp,0.00013424620754463686
căn_ke,0.00013424620754463686
quan_sát,0.00013424620754463686
đa_số,0.00013424620754463686
tổng_thanh,0.00013424620754463686
sức_ép,0.00013424620754463686
đứng_im,0.00013424620754463686
toạ_đàm,0.00013424620754463686
mảnh,0.00013424620754463686
giảm_tốc,0.00013424620754463686
bộc_lộ,0.00013424620754463686
đè,0.00013424620754463686
bất_định,0.00013424620754463686
danh_nghĩa,0.00013424620754463686
tài,0.00013424620754463686
thoát,0.00013424620754463686
trung_hạn,0.00013424620754463686
địa_chính_sách,0.00013424620754463686
xương_sống,0.00013424620754463686
hủy_hoại,0.00013424620754463686
sốc,0.00013424620754463686
nới,0.00013424620754463686
lỏng,0.00013424620754463686
hơn_nữa,0.00013424620754463686
kích_thích,0.00013424620754463686
hệ_số,0.00013424620754463686
cẩn_trọng,0.00013424620754463686
can_thiệp,0.00013424620754463686
yếu_kém,0.00013424620754463686
kỹ_năng,0.00013424620754463686
xanh_hóa,0.00013424620754463686
thuế_carbon,0.00013424620754463686
tiếp_thu,0.00013424620754463686
coi,0.00013424620754463686
lối,0.00013424620754463686
vui_mừng,0.00013424620754463686
đom_đóm,0.00013424620754463686
lẽ_ra,0.00013424620754463686
tinh_thần_kinh_doanh,0.00013424620754463686
khổ,0.00013424620754463686
lắm,0.00013424620754463686
mãi,0.00013424620754463686
thực_ra,0.00013424620754463686
cũng_nên,0.00013424620754463686
kìm_hãm,0.00013424620754463686
ngăn_cản,0.00013424620754463686
mắc,0.00013424620754463686
tội,0.00013424620754463686
địa_phương_hóa,0.00013424620754463686
lãng_phí,0.00013424620754463686
trùng_lắp,0.00013424620754463686
nhỉ,0.00013424620754463686
lật_ngược,0.00013424620754463686
trì_trệ,0.00013424620754463686
dự_đoán,0.00013424620754463686
dòng_chảy,0.00013424620754463686
đặc,0.00013424620754463686
biêt,0.00013424620754463686
song_phương,0.00013424620754463686
đẹp,0.00013424620754463686
năm_tháng,0.00013424620754463686
đâu,0.00013424620754463686
bủa_vây,0.00013424620754463686
giảm_sút,0.00013424620754463686
giảm_giá_cả,0.00013424620754463686
đặt_hàng_họ,0.00013424620754463686
giảm_giá_thành,0.00013424620754463686
giá_thành,0.00013424620754463686
tổng_cầu_là,0.00013424620754463686
thể_thao,0.00013424620754463686
thay_đổi_mới,0.00013424620754463686
model,0.00013424620754463686
ra_đời,0.00013424620754463686
cỡ,0.00013424620754463686
loanh_quanh,0.00013424620754463686
10tr,0.00013424620754463686
profit,0.00013424620754463686
magin,0.00013424620754463686
ăn_đong,0.00013424620754463686
bữa,0.00013424620754463686
cầm_cự,0.00013424620754463686
xám,0.00013424620754463686
tia,0.00013424620754463686
âu,0.00013424620754463686
liều,0.00013424620754463686
xáo_trộn,0.00013424620754463686
đầu_tư_thương_mại,0.00013424620754463686
ngược,0.00013424620754463686
mong_manh,0.00013424620754463686
tất,0.00013424620754463686
phát_huy_hiệu_quả,0.00013424620754463686
khoảng_cách,0.00013424620754463686
rào_cản,0.00013424620754463686
bắt_nhịp,0.00013424620754463686
tình_huống,0.00013424620754463686
hiến_kế,0.00013424620754463686
vực,0.00013424620754463686
tổng_cầu_vượt,0.00013424620754463686
tố_tụng,0.00013424620754463686
kiểm_sát,0.00013424620754463686
tù,0.00013424620754463686
bị_cáo,0.00013424620754463686
phạm_tội,0.00013424620754463686
tòa_án,0.00013424620754463686
tuyên_phạt,0.00013424620754463686
gian_dối,0.00013424620754463686
công_an,0.00013424620754463686
hàm,0.00013424620754463686
đại_tá,0.00013424620754463686
trưng,0.00013424620754463686
quyển,0.00013424620754463686
lừa_bịp,0.00013424620754463686
vé,0.00013424620754463686
vaccine,0.00013424620754463686
chạy,0.00013424620754463686
quen_biết,0.00013424620754463686
bố,0.00013424620754463686
đứng_tên,0.00013424620754463686
lẵng,0.00013424620754463686
ruy_băng,0.00013424620754463686
bệnh_viện,0.00013424620754463686
tiếp_cận_trên,0.00013424620754463686
rút_tiền,0.00013424620754463686
đòi,0.00013424620754463686
tố_giác,0.00013424620754463686
vỏ,0.00013424620754463686
bọc,0.00013424620754463686
thủ_đoạn,0.00013424620754463686
thanh_lý,0.00013424620754463686
đấu_thầu,0.00013424620754463686
giấy_tờ,0.00013424620754463686
biên_nhận,0.00013424620754463686
nạn_nhân,0.00013424620754463686
vợ_chồng,0.00013424620754463686
ca_sĩ,0.00013424620754463686
lừa,0.00013424620754463686
biểu_diễn_văn_nghệ,0.00013424620754463686
làm_quen,0.00013424620754463686
vợ,0.00013424620754463686
nhà_ăn,0.00013424620754463686
cơm,0.00013424620754463686
thân_thiết,0.00013424620754463686
trang_phục,0.00013424620754463686
bản_thân_quen,0.00013424620754463686
cảnh_sát,0.00013424620754463686
cơ_động,0.00013424620754463686
nữ,0.00013424620754463686
rởm,0.00013424620754463686
nguyễn,0.00013424620754463686
luật_sư,0.00013424620754463686
ly_hôn,0.00013424620754463686
lặn,0.00013424620754463686
mất_tăm,0.00013424620754463686
bình_phong,0.00013424620754463686
rộ,0.00013424620754463686
cài,0.00013424620754463686
giả_mạo,0.00013424620754463686
giả_danh,0.00013424620754463686
đường_dẫn,0.00013424620754463686
định_danh,0.00013424620754463686
thuyết_phục,0.00013424620754463686
ngụy_trang,0.00013424620754463686
bấm,0.00013424620754463686
link,0.00013424620754463686
apk,0.00013424620754463686
mạo_danh,0.00013424620754463686
chợ,0.00013424620754463686
trợ,0.00013424620754463686
năng,0.00013424620754463686
dể,0.00013424620754463686
phòng_tránh,0.00013424620754463686
nghi_vấn,0.00013424620754463686
xác_thực,0.00013424620754463686
độc,0.00013424620754463686
sandbox,0.00013424620754463686
hẳn,0.00013424620754463686
lẫn,0.00013424620754463686
chẳng,0.00013424620754463686
may,0.00013424620754463686
nhiễm,0.00013424620754463686
khiếm_thị,0.00013424620754463686
vận_động,0.00013424620754463686
lập_trình,0.00013424620754463686
phá,0.00013424620754463686
vỡ,0.00013424620754463686
loại_bỏ,0.00013424620754463686
khe,0.00013424620754463686
hở,0.00013424620754463686
chính_thống,0.00013424620754463686
kiểm_duyệt,0.00013424620754463686
ăn_cắp,0.00013424620754463686
file,0.00013424620754463686
nằm_vùng,0.00013424620754463686
gián_điệp,0.00013424620754463686
mật_khẩu,0.00013424620754463686
cảnh_giác,0.00013424620754463686
cho_dù,0.00013424620754463686
thao_trường,0.00013424620754463686
diễn_tập,0.00013424620754463686
hội_tụ,0.00013424620754463686
đảm_bảo_an_ninh_mạng,0.00013424620754463686
giả,0.00013424620754463686
rèn_luyện,0.00013424620754463686
phòng_ngừa,0.00013424620754463686
kiến_thức,0.00013424620754463686
lân_cận,0.00013424620754463686
trực_quan,0.00013424620754463686
sinh_động,0.00013424620754463686
phòng_thủ,0.00013424620754463686
ưa_thích,0.00013424620754463686
tội_phạm_mạng,0.00013424620754463686
nhiệm_kỳ,0.00013424620754463686
khoai_mì,0.00013424620754463686
ngô,0.00013424620754463686
tổng_sản_lượng,0.00013424620754463686
trung_du,0.00013424620754463686
xóa_đói,0.00013424620754463686
nghèo,0.00013424620754463686
tinh_bột,0.00013424620754463686
thu_mua,0.00013424620754463686
nông_dân,0.00013424620754463686
đắc_cử,0.00013424620754463686
trung_gian,0.00013424620754463686
thay_thế_xăng_khoáng,0.00013424620754463686
khảm,0.00013424620754463686
lá,0.00013424620754463686
kháng,0.00013424620754463686
tận_dụng,0.00013424620754463686
phụ_phẩm,0.00013424620754463686
cao_giá_trị,0.00013424620754463686
sản_xuất_tinh_bột,0.00013424620754463686
trầm_lắng,0.00013424620754463686
trầm_trọng,0.00013424620754463686
phù_hợp_nhất,0.00013424620754463686
nghỉ_dưỡng,0.00013424620754463686
kết_hợp_lưu_trú,0.00013424620754463686
hiệp_hội,0.00013424620754463686
thuê_mua,0.00013424620754463686
box1688640277965,0.00013424620754463686
78977a,0.00013424620754463686
khởi_nghiệp,0.00013424620754463686
quãng,0.00013424620754463686
mạo_hiểm_giảm,0.00013424620754463686
gã,0.00013424620754463686
sáu,0.00013424620754463686
thiên_thần,0.00013424620754463686
giúp_đỡ,0.00013424620754463686
quê,0.00013424620754463686
sụp_đổ,0.00013424620754463686
công_chúng,0.00013424620754463686
cắt,0.00013424620754463686
hy_sinh,0.00013424620754463686
ra_hiệu_ứng,0.00013424620754463686
gợn,0.00013424620754463686
thấp_điểm_chuẩn,0.00013424620754463686
hậu_cần,0.00013424620754463686
chuyển_phát,0.00013424620754463686
cảm_thấy,0.00013424620754463686
sau_này,0.00013424620754463686
phương_pháp_định_giá,0.00013424620754463686
residual,0.00013424620754463686
method,0.00013424620754463686
dự_thảo,0.00013424620754463686
thảo_luận_kỹ,0.00013424620754463686
lầm,0.00013424620754463686
từ_nguyên,0.00013424620754463686
đôi_khi,0.00013424620754463686
valuation,0.00013424620754463686
hành_nghề,0.00013424620754463686
nghĩa,0.00013424620754463686
hơi_hướng,0.00013424620754463686
rent,0.00013424620754463686
rate,0.00013424620754463686
học_thuyết,0.00013424620754463686
surplus,0.00013424620754463686
value,0.00013424620754463686
nhầm_lẫn,0.00013424620754463686
làm_luật,0.00013424620754463686
chứng_chỉ_định_giá,0.00013424620754463686
giảng_viên,0.00013424620754463686
giảng_dạy,0.00013424620754463686
hàm_ý,0.00013424620754463686
hiều,0.00013424620754463686
đề_cập,0.00013424620754463686
liên_tưởng,0.00013424620754463686
thuật_ngữ,0.00013424620754463686
kinh_tế_học,0.00013424620754463686
of,0.00013424620754463686
công_chứng,0.00013424620754463686
tham_số,0.00013424620754463686
basic,0.00013424620754463686
giả_định,0.00013424620754463686
tài_liệu,0.00013424620754463686
traditional,0.00013424620754463686
tĩnh,0.00013424620754463686
static,0.00013424620754463686
land,0.00013424620754463686
s_profit,0.00013424620754463686
xem_xét_lại,0.00013424620754463686
phảp,0.00013424620754463686
định_lượng,0.00013424620754463686
xác_định_giá,0.00013424620754463686
dường_như_không,0.00013424620754463686
lý_thuyết,0.00013424620754463686
bất,0.00013424620754463686
soạn_thảo,0.00013424620754463686
ngạc_nhiên,0.00013424620754463686
tổng_chi_phí,0.00013424620754463686
tổng_mặt_bằng,0.00013424620754463686
căn_cứ,0.00013424620754463686
a,0.00013424620754463686
hànhb,0.00013424620754463686
đơn_giá,0.00013424620754463686
hànhc,0.00013424620754463686
technique,0.00013424620754463686
lơi,0.00013424620754463686
thuế_tính,0.00013424620754463686
suất_vốn,0.00013424620754463686
tranh_cãi,0.00013424620754463686
suất,0.00013424620754463686
gián_tiếp,0.00013424620754463686
nhà_thầu,0.00013424620754463686
constructor,0.00013424620754463686
nguyên_bản,0.00013424620754463686
developer,0.00013424620754463686
what,0.00013424620754463686
he,0.00013424620754463686
pays,0.00013424620754463686
gets,0.00013424620754463686
quy_định_ước_tính,0.00013424620754463686
thửa,0.00013424620754463686
chiết_trừ,0.00013424620754463686
gross,0.00013424620754463686
development,0.00013424620754463686
the,0.00013424620754463686
completed,0.00013424620754463686
property,0.00013424620754463686
loại_hình,0.00013424620754463686
tiền_phương_pháp,0.00013424620754463686
chiết,0.00013424620754463686
kết_hợp_đồng_thời,0.00013424620754463686
lúc_nào,0.00013424620754463686
tương_đồng,0.00013424620754463686
nhà_văn_phòng,0.00013424620754463686
tổng_dòng,0.00013424620754463686
trả_giá,0.00013424620754463686
hình_dung,0.00013424620754463686
giả_sử,0.00013424620754463686
sẵn_lòng,0.00013424620754463686
chỉ_giới_hạn,0.00013424620754463686
resort,0.00013424620754463686
phức_hợp,0.00013424620754463686
shophouse,0.00013424620754463686
thổ,0.00013424620754463686
kề,0.00013424620754463686
tổng_quát,0.00013424620754463686
thông_tư,0.00013424620754463686
công_thức,0.00013424620754463686
i,0.00013424620754463686
r,0.00013424620754463686
n,0.00013424620754463686
hao_mòn,0.00013424620754463686
đứt,0.00013424620754463686
bằng_chứng,0.00013424620754463686
tất_nhiên,0.00013424620754463686
gôp,0.00013424620754463686
phụ_lục,0.00013424620754463686
vô_hình,0.00013424620754463686
cào_bằng,0.00013424620754463686
chủ_nợ,0.00013424620754463686
phá_sản,0.00013424620754463686
bất_kể,0.00013424620754463686
cộng,0.00013424620754463686
tổng_lợi_nhuận,0.00013424620754463686
nhạy_cảm,0.00013424620754463686
thước_đo,0.00013424620754463686
nguyên_lý_tài_chính,0.00013424620754463686
biểu_thị,0.00013424620754463686
box1688272703705,0.00013424620754463686
c8dcc8,0.00013424620754463686
box1688401662554,0.00013424620754463686
9ccea0,0.00013424620754463686
hiện_trạng,0.00013424620754463686
nhà_máy_điện_năng_lượng,0.00013424620754463686
mía,0.00013424620754463686
nhiệt,0.00013424620754463686
bã,0.00013424620754463686
dư_thừa,0.00013424620754463686
phần_nào,0.00013424620754463686
thiệt_thòi,0.00013424620754463686
chứng_chỉ,0.00013424620754463686
thải,0.00013424620754463686
khí,0.00013424620754463686
nhà_kính,0.00013424620754463686
phát_nhiệt,0.00013424620754463686
ii,0.00013424620754463686
mặc_định,0.00013424620754463686
bài_học,0.00013424620754463686
trường_hợp_thành_công,0.00013424620754463686
động_cơ_khí,0.00013424620754463686
tuabin,0.00013424620754463686
rắn,0.00013424620754463686
ướt,0.00013424620754463686
mùa_vụ,0.00013424620754463686
thủy_điện,0.00013424620754463686
phân_tán,0.00013424620754463686
tốn_kém,0.00013424620754463686
thầu,0.00013424620754463686
ràng_buộc,0.00013424620754463686
cởi_mở,0.00013424620754463686
sản_xuất_hóa,0.00013424620754463686
xi_măng,0.00013424620754463686
xác_định_danh_mục,0.00013424620754463686
nghỉ_dưỡng_sinh_thái,0.00013424620754463686
ngã,0.00013424620754463686
đúng_mức,0.00013424620754463686
xã,0.00013424620754463686
đảm,0.00013424620754463686
bảm,0.00013424620754463686
luyện,0.00013424620754463686
thực_hiện_tại,0.00013424620754463686
san_lấp,0.00013424620754463686
cao_tốc,0.00013424620754463686
đắp,0.00013424620754463686
đặc_thù,0.00013424620754463686
công_điện,0.00013424620754463686
tổng_nhu_cầu,0.00013424620754463686
gói_thầu,0.00013424620754463686
mặt_đường,0.00013424620754463686
công_vụ,0.00013424620754463686
địa_phận,0.00013424620754463686
thu_xếp,0.00013424620754463686
nhánh,0.00013424620754463686
kỳ_lân,0.00013424620754463686
cân_nhắc,0.00013424620754463686
rỗng,0.00013424620754463686
sponsors,0.00013424620754463686
ngành_dọc,0.00013424620754463686
mệnh_giá,0.00013424620754463686
lưu_hành,0.00013424620754463686
chào_bán,0.00013424620754463686
tương,0.00013424620754463686
tổng_lượng,0.00013424620754463686
quốc_tịch,0.00013424620754463686
hát,0.00013424620754463686
chí,0.00013424620754463686
gây_dựng,0.00013424620754463686
kỳ_công_ty,0.00013424620754463686
chế_xuất,0.00013424620754463686
gặp_mặt,0.00013424620754463686
cao_ốc,0.00013424620754463686
tiểu,0.00013424620754463686
thực,0.00013424620754463686
nhà_đất,0.00013424620754463686
phần_đông,0.00013424620754463686
bình_dân,0.00013424620754463686
lướt_sóng,0.00013424620754463686
thể_nhân,0.00013424620754463686
đồng_bào,0.00013424620754463686
sinh_sống,0.00013424620754463686
cảm_ơn,0.00013424620754463686
tri_ân,0.00013424620754463686
thân,0.00013424620754463686
ái,0.00013424620754463686
hiểm_y_tế,0.00013424620754463686
hiểm,0.00013424620754463686
nhân_đạo,0.00013424620754463686
thu_chi,0.00013424620754463686
bề,0.00013424620754463686
tưởng,0.00013424620754463686
tờ_trình,0.00013424620754463686
thuế_còn,0.00013424620754463686
thuơng,0.00013424620754463686
mại,0.00013424620754463686
đồng_ý,0.00013424620754463686
cấu_phần,0.00013424620754463686
bình_quân_số_học,0.00013424620754463686
đầu_tư_thông_báo,0.00013424620754463686
quán,0.00013424620754463686
quân,0.00013424620754463686
em_trai,0.00013424620754463686
thành_công_ước_tính,0.00013424620754463686
thành_công_quỹ,0.00013424620754463686
hàng_hóa_giảm,0.00013424620754463686
thù_lao,0.00013424620754463686
giải_thể,0.00013424620754463686
vối,0.00013424620754463686
thủ,0.00013424620754463686
tịc,0.00013424620754463686
nước_giải_khát,0.00013424620754463686
gas,0.00013424620754463686
kem,0.00013424620754463686
trà,0.00013424620754463686
sữakhông,0.00013424620754463686
đông_lạnh,0.00013424620754463686
tạm_ứng,0.00013424620754463686
nâng_giá,0.00013424620754463686
cổ_đông_thiểu_số,0.00013424620754463686
tổng_doanh_số,0.00013424620754463686
biến_động_kinh_tế,0.00013424620754463686
thoại,0.00013424620754463686
phở,0.00013424620754463686
bún,0.00013424620754463686
chiên,0.00013424620754463686
hủ_tiếu,0.00013424620754463686
nước_mắm,0.00013424620754463686
xuất,0.00013424620754463686
ống,0.00013424620754463686
sợi,0.00013424620754463686
món,0.00013424620754463686
đóng_hộp,0.00013424620754463686
dầu_mỡ,0.00013424620754463686
chương,0.00013424620754463686
tác,0.00013424620754463686
từ_thiện,0.00013424620754463686
đá,0.00013424620754463686
thân_yêu,0.00013424620754463686
chào_mừng,0.00013424620754463686
tường,0.00013424620754463686
lửa,0.00013424620754463686
giải_pháp_bảo_mật,0.00013424620754463686
house,0.00013424620754463686
bước_đi,0.00013424620754463686
quan_trọng_thể_hiện,0.00013424620754463686
shopping,0.00013424620754463686
sống_còn,0.00013424620754463686
as,0.00013424620754463686
truy,0.00013424620754463686
lời_giải,0.00013424620754463686
có_hạn,0.00013424620754463686
tự_chủ_động,0.00013424620754463686
data,0.00013424620754463686
liên_lạc,0.00013424620754463686
ứng_cứu,0.00013424620754463686
kế_nhiệm,0.00013424620754463686
nhiệm_kì,0.00013424620754463686
giám_định,0.00013424620754463686
bộ_máy,0.00013424620754463686
hoạch_định,0.00013424620754463686
cải_tổ,0.00013424620754463686
nữ_tướng,0.00013424620754463686
biểu_quyết,0.00013424620754463686
trái_chủ,0.00013424620754463686
chuyên_gia_tư_vấn,0.00013424620754463686
chuyên_gia_tài_chính,0.00013424620754463686
tự_do,0.00013424620754463686
hứa,0.00013424620754463686
đầu_tư_sản_xuất,0.00013424620754463686
hầm,0.00013424620754463686
m2,0.00013424620754463686
network,0.00013424620754463686
tỷ_phú,0.00013424620754463686
hoàng_kim,0.00013424620754463686
bán_tháo,0.00013424620754463686
kinh_ngạc,0.00013424620754463686
gia_tộc,0.00013424620754463686
lãnh_thổ,0.00013424620754463686
qua_đời,0.00013424620754463686
di_chúc,0.00013424620754463686
con_trai,0.00013424620754463686
phân_chia,0.00013424620754463686
sản_nghiệp,0.00013424620754463686
doanh_nhân,0.00013424620754463686
xì_gà,0.00013424620754463686
phó_chủ_tịch,0.00013424620754463686
seng,0.00013424620754463686
tiếp_quản,0.00013424620754463686
dời,0.00013424620754463686
tranh_chấp,0.00013424620754463686
trai,0.00013424620754463686
tiền_thân,0.00013424620754463686
đằng,0.00013424620754463686
trở_thành_công_ty,0.00013424620754463686
lụt,0.00013424620754463686
anh_trai,0.00013424620754463686
hạt_giống,0.00013424620754463686
dược_phẩm,0.00013424620754463686
phát_minh,0.00013424620754463686
có_nghĩa_là,0.00013424620754463686
đỏ,0.00013424620754463686
tiếp_thị,0.00013424620754463686
mở_đường,0.00013424620754463686
thừa_kế,0.00013424620754463686
trang_sức,0.00013424620754463686
yuen,0.00013424620754463686
rể,0.00013424620754463686
làm_chủ_tịch,0.00013424620754463686
kong,0.00013424620754463686
chở,0.00013424620754463686
thích_nghi,0.00013424620754463686
con_gái,0.00013424620754463686
đầu_tiên_ông,0.00013424620754463686
tsai,0.00013424620754463686
anh_em_trai,0.00013424620754463686
lin,0.00013424620754463686
bảo_hiểm_nhân_thọ,0.00013424620754463686
chull,0.00013424620754463686
hoa_quả,0.00013424620754463686
cá,0.00013424620754463686
hee,0.00013424620754463686
nghiệp_đoàn,0.00013424620754463686
viện,0.00013424620754463686
tim,0.00013424620754463686
bê_bối,0.00013424620754463686
phế_truất,0.00013424620754463686
hye,0.00013424620754463686
tha,0.00013424620754463686
ân_xá,0.00013424620754463686
trở_thành_công_xưởng,0.00013424620754463686
quốc_tế_hóa,0.00013424620754463686
hóa_logistics,0.00013424620754463686
thông_quan,0.00013424620754463686
chứng_từ,0.00013424620754463686
ép_giá,0.00013424620754463686
tiếp_vận,0.00013424620754463686
ký_kết_hợp_đồng,0.00013424620754463686
đường_biển,0.00013424620754463686
ngoại_giao,0.00013424620754463686
vượt_bậc,0.00013424620754463686
lưu_niệm,0.00013424620754463686
nhân_duyên,0.00013424620754463686
sáng_suốt,0.00013424620754463686
hữu_cơ,0.00013424620754463686
quyết_sách,0.00013424620754463686
lắng_nghe,0.00013424620754463686
trao_đổi,0.00013424620754463686
thuế_suất,0.00013424620754463686
kiện_toàn,0.00013424620754463686
nội_địa_hóa,0.00013424620754463686
gia_tăng_sản_xuất,0.00013424620754463686
chân_thành,0.00013424620754463686
nghiêm_túc,0.00013424620754463686
góp_ý,0.00013424620754463686
toàn_cầu_toàn_diện,0.00013424620754463686
dịp,0.00013424620754463686
đại_học,0.00013424620754463686
góp_phần_lớn,0.00013424620754463686
mong_đợi,0.00013424620754463686
xung_đột,0.00013424620754463686
làn_sóng,0.00013424620754463686
sụt_giá,0.00013424620754463686
nhiễm_khuẩn,0.00013424620754463686
thở_dài,0.00013424620754463686
trái_ngược,0.00013424620754463686
hiện_hóa,0.00013424620754463686
đóng_gói,0.00013424620754463686
thềm,0.00013424620754463686
vè,0.00013424620754463686
nổi_trội,0.00013424620754463686
thời_sự,0.00013424620754463686
thông_điệp,0.00013424620754463686
trước_hết,0.00013424620754463686
chèo,0.00013424620754463686
tín_chấp,0.00013424620754463686
may_đo,0.00013424620754463686
đổng,0.00013424620754463686
quản_lý_tài_chính,0.00013424620754463686
nghiêp,0.00013424620754463686
ưu_thế,0.00013424620754463686
vang,0.00013424620754463686
công_nghệ_xuyên,0.00013424620754463686
gắn_bó,0.00013424620754463686
nhất_quán,0.00013424620754463686
nội_tệ,0.00013424620754463686
ứng_biến,0.00013424620754463686
tổng_số_dư,0.00013424620754463686
hoạt_động_kinh,0.00013424620754463686
kiều_hối,0.00013424620754463686
ngân_hàng_đầu_mối,0.00013424620754463686
điều_khoản,0.00013424620754463686
triển_khai_phương_án,0.00013424620754463686
chuyên_biệt,0.00013424620754463686
gia_sản,0.00013424620754463686
hạnh_phúc,0.00013424620754463686
sung_túc,0.00013424620754463686
vững_bền,0.00013424620754463686
tham_gia_bảo_hiểm,0.00013424620754463686
thể_lệ,0.00013424620754463686
riêng_tư_vấn,0.00013424620754463686
tổng_đài,0.00013424620754463686
khám,0.00013424620754463686
tại_gia,0.00013424620754463686
tỉnh_thành,0.00013424620754463686
sức_lực,0.00013424620754463686
âu_lo,0.00013424620754463686
chẩn_đoán,0.00013424620754463686
người_thân,0.00013424620754463686
10000m,0.00013424620754463686
4000m2,0.00013424620754463686
mặt_nước,0.00013424620754463686
l,0.00013424620754463686
100ha,0.00013424620754463686
ban_hành_văn_bản,0.00013424620754463686
9147ha,0.00013424620754463686
4668ha,0.00013424620754463686
4479ha,0.00013424620754463686
đất_liền,0.00013424620754463686
59546ha,0.00013424620754463686
12866ha,0.00013424620754463686
5932ha,0.00013424620754463686
phát_sinh_phần,0.00013424620754463686
1532ha,0.00013424620754463686
đo_đạc,0.00013424620754463686
627ha,0.00013424620754463686
kiểm_đếm,0.00013424620754463686
sinh_hoạt,0.00013424620754463686
phụ_tải,0.00013424620754463686
làm_tình_hình,0.00013424620754463686
gieo_cấy,0.00013424620754463686
đổ_ải,0.00013424620754463686
hồ,0.00013424620754463686
mưa,0.00013424620754463686
nghỉ,0.00013424620754463686
triệt_để,0.00013424620754463686
hoàng,0.00013424620754463686
tuyên_truyền,0.00013424620754463686
công_sở,0.00013424620754463686
box1680687755913,0.00013424620754463686
92ce97,0.00013424620754463686
kháchkm,0.00013424620754463686
tấnkm,0.00013424620754463686
đảm_nhận,0.00013424620754463686
va_chạm,0.00013424620754463686
chết,0.00013424620754463686
bị_thương,0.00013424620754463686
thắng_lợi,0.00013424620754463686
toán,0.00013424620754463686
phiên_họp,0.00013424620754463686
kết_quả_tình_hình,0.00013424620754463686
nước_đại_biểu,0.00013424620754463686
trăn_trở,0.00013424620754463686
kiên_trì,0.00013424620754463686
luân_phiên,0.00013424620754463686
đột_ngột,0.00013424620754463686
miễn,0.00013424620754463686
sát_sao,0.00013424620754463686
kỷ_luật,0.00013424620754463686
kỷ_cương,0.00013424620754463686
hạ_lãi_suất,0.00013424620754463686
đáp_ứng_dụng,0.00013424620754463686
room,0.00013424620754463686
truyền_đạt,0.00013424620754463686
ghi_danh,0.00013424620754463686
hòn,0.00013424620754463686
danh_lam,0.00013424620754463686
tiếp_giáp,0.00013424620754463686
quần_đảo,0.00013424620754463686
gìn_giữ,0.00013424620754463686
đặc_hữu,0.00013424620754463686
mai,0.00013424620754463686
văn_hoá,0.00013424620754463686
đốc_thúc,0.00013424620754463686
đảo_nợ,0.00013424620754463686
lợi_tức,0.00013424620754463686
soát,0.00013424620754463686
tiêu,0.00013424620754463686
dùngcủa,0.00013424620754463686
bong_bóng,0.00013424620754463686
tội_phạm,0.00013424620754463686
nghiêm_cấm,0.00013424620754463686
hợp_pháp,0.00013424620754463686
chủ_thể,0.00013424620754463686
chứng_minh,0.00013424620754463686
đường_lối,0.00013424620754463686
xâm_phạm,0.00013424620754463686
ngăn_ngừa,0.00013424620754463686
based,0.00013424620754463686
on,0.00013424620754463686
24th,0.00013424620754463686
iii,0.00013424620754463686
iv,0.00013424620754463686
nội_thất,0.00013424620754463686
lâm_nghiệp,0.00013424620754463686
or,0.00013424620754463686
chuyên_môn_hóa,0.00013424620754463686
động_sản,0.00013424620754463686
phố,0.00013424620754463686
trang_sức_đồ,0.00013424620754463686
nghệ_thuật,0.00013424620754463686
vật_dụng,0.00013424620754463686
mỹ_thuật,0.00013424620754463686
trang_trí,0.00013424620754463686
logo,0.00013424620754463686
ứng_viên,0.00013424620754463686
thông_thạo,0.00013424620754463686
bằng_cấp,0.00013424620754463686
tham_khảo,0.00013424620754463686
box1683708043594,0.00013424620754463686
b5e8ba,0.00013424620754463686
thuốc_lá,0.00013424620754463686
hiệp_định,0.00013424620754463686
mời_thầu,0.00013424620754463686
dược_liệu,0.00013424620754463686
dân_tộc_thiểu_số,0.00013424620754463686
tự_giác,0.00013424620754463686
kê_khai,0.00013424620754463686
cư_trú,0.00013424620754463686
zalo,0.00013424620754463686
truy_thu,0.00013424620754463686
nền_nếp,0.00013424620754463686
bình_đẳng,0.00013424620754463686
chuyên_đề,0.00013424620754463686
giao_dịch_chuyển,0.00013424620754463686
uỷ_quyền,0.00013424620754463686
lưu_trú,0.00013424620754463686
đối_chiếu,0.00013424620754463686
hải_quan,0.00013424620754463686
phục_vụ_việc,0.00013424620754463686
chắt_lọc,0.00013424620754463686
tọa_đàm,0.00013424620754463686
trước_tọa,0.00013424620754463686
tham_vấn,0.00013424620754463686
nhiệt_thành,0.00013424620754463686
tham_luận,0.00013424620754463686
ủy_ban,0.00013424620754463686
nắng_nóng,0.00013424620754463686
suy_giảm_mạnh,0.00013424620754463686
tổng_số_lượng,0.00013424620754463686
quốc_tế_giảm,0.00013424620754463686
tồn_đọng,0.00013424620754463686
thành_phẩm,0.00013424620754463686
tìm_kiếm_khách_hàng,0.00013424620754463686
vẽ,0.00013424620754463686
dịu,0.00013424620754463686
